"maxmind_city_7610","dbpedia-city2664","0.04912236954017665"
"maxmind_city_14334","dbpedia-city7271","0.04581145700222679"
"maxmind_city_2837","dbpedia-city8684","0.016108328527654744"
"maxmind_city_9083","dbpedia-city5735","0.08477727209686609"
"maxmind_city_17751","dbpedia-city13629","0.026411789892892903"
"maxmind_city_4739","dbpedia-city7456","0.04408129027434027"
"maxmind_city_11194","dbpedia-city5856","0.008472074727395237"
"maxmind_city_10658","dbpedia-city12029","0.036355051765981444"
"maxmind_city_1785","dbpedia-city4515","0.037589414748048694"
"maxmind_city_11760","dbpedia-city12662","0.03293121876508273"
"maxmind_city_3760","dbpedia-city4851","0.0054071914595288095"
"maxmind_city_14541","dbpedia-city7883","4.2368327744513046E-4"
"maxmind_city_15120","dbpedia-city7566","0.025460884241294474"
"maxmind_city_4806","dbpedia-city6222","0.06155797559549564"
"maxmind_city_1874","dbpedia-city3127","2.485222203682455E-4"
"maxmind_city_14099","dbpedia-city11652","0.016238563506542167"
"maxmind_city_4520","dbpedia-city902","0.08435684942661506"
"maxmind_city_15094","dbpedia-city10886","0.026857474322938835"
"maxmind_city_853","dbpedia-city5373","0.004828977570063203"
"maxmind_city_18639","dbpedia-city14221","0.04018187603258799"
"maxmind_city_18600","dbpedia-city1085","0.05322978265538972"
"maxmind_city_3868","dbpedia-city10702","0.023040336141351758"
"maxmind_city_558","dbpedia-city13324","0.027780934943972435"
"maxmind_city_2380","dbpedia-city11833","0.04383971684693222"
"maxmind_city_3892","dbpedia-city8501","0.016645647513126374"
"maxmind_city_9050","dbpedia-city11267","8.745690199987721E-4"
"maxmind_city_10870","dbpedia-city11164","0.04344205316097671"
"maxmind_city_13995","dbpedia-city7659","0.0037138793310039775"
"maxmind_city_18232","dbpedia-city14233","0.04371803500072702"
"maxmind_city_16511","dbpedia-city2518","0.0011681638630433033"
"maxmind_city_13181","dbpedia-city1605","0.04267893356232168"
"maxmind_city_3208","dbpedia-city3403","0.04554898104926228"
"maxmind_city_689","dbpedia-city3063","0.008895076771448754"
"maxmind_city_13621","dbpedia-city11480","0.04710008824617842"
"maxmind_city_9558","dbpedia-city8787","0.004051400995122648"
"maxmind_city_12301","dbpedia-city14025","0.005959882446927051"
"maxmind_city_5537","dbpedia-city10748","0.045524051035171445"
"maxmind_city_4664","dbpedia-city5230","0.05271475048794996"
"maxmind_city_6916","dbpedia-city3475","0.04550661540877915"
"maxmind_city_6795","dbpedia-city12444","0.052172558196822316"
"maxmind_city_457","dbpedia-city2116","0.002058103036226888"
"maxmind_city_3959","dbpedia-city3044","0.017834561389076534"
"maxmind_city_11596","dbpedia-city2382","0.03970979721822404"
"maxmind_city_17023","dbpedia-city6379","0.0036293186491236223"
"maxmind_city_8160","dbpedia-city10291","0.028635258471516753"
"maxmind_city_2463","dbpedia-city13260","0.03813020400912427"
"maxmind_city_7339","dbpedia-city9213","0.008221713866013003"
"maxmind_city_14572","dbpedia-city10509","0.022305468422476354"
"maxmind_city_10813","dbpedia-city2174","0.03724012033513961"
"maxmind_city_4492","dbpedia-city442","0.0713050167869698"
"maxmind_city_5576","dbpedia-city5570","0.05504349788410351"
"maxmind_city_1765","dbpedia-city389","0.017031404495005037"
"maxmind_city_10752","dbpedia-city5422","0.018443630251824356"
"maxmind_city_3689","dbpedia-city2012","0.012417298546295474"
"maxmind_city_785","dbpedia-city7601","0.019096860865706985"
"maxmind_city_13435","dbpedia-city3845","0.047241887388692894"
"maxmind_city_3097","dbpedia-city11672","0.012240665951127369"
"maxmind_city_4058","dbpedia-city899","0.039151516285476876"
"maxmind_city_15952","dbpedia-city6363","0.060834510413313225"
"maxmind_city_12821","dbpedia-city14575","0.06507393142618795"
"maxmind_city_1613","dbpedia-city477","0.07964500588038981"
"maxmind_city_609","dbpedia-city10036","0.08402768416116946"
"maxmind_city_15164","dbpedia-city8059","0.04267891504874566"
"maxmind_city_5914","dbpedia-city11697","0.016791124637028643"
"maxmind_city_10361","dbpedia-city12910","0.0368741252740975"
"maxmind_city_15786","dbpedia-city8674","0.03470560494601711"
"maxmind_city_11746","dbpedia-city9503","0.006991061656964115"
"maxmind_city_3939","dbpedia-city1105","0.04810436141117415"
"maxmind_city_15348","dbpedia-city1974","0.059287404116741355"
"maxmind_city_715","dbpedia-city10391","0.005651968972852944"
"maxmind_city_4585","dbpedia-city13380","0.021290918904231557"
"maxmind_city_16517","dbpedia-city14268","0.029300834571516"
"maxmind_city_8933","dbpedia-city4122","0.011884828667671946"
"maxmind_city_14314","dbpedia-city7729","3.925757967481458E-4"
"maxmind_city_3348","dbpedia-city13284","0.015530650415276265"
"maxmind_city_5483","dbpedia-city4343","0.07022785308347645"
"maxmind_city_6405","dbpedia-city3489","0.0664223034619757"
"maxmind_city_18485","dbpedia-city5327","0.06309535799741128"
"maxmind_city_16026","dbpedia-city12038","7.268840274111815E-4"
"maxmind_city_16350","dbpedia-city5749","0.022117883656544615"
"maxmind_city_4652","dbpedia-city7117","0.0539283844594297"
"maxmind_city_14875","dbpedia-city1218","0.036999122914279786"
"maxmind_city_10326","dbpedia-city2154","0.07365367814409063"
"maxmind_city_12238","dbpedia-city64","0.0025699525053242134"
"maxmind_city_5945","dbpedia-city9883","0.04219726138435512"
"maxmind_city_13643","dbpedia-city2171","0.003855179715793869"
"maxmind_city_3954","dbpedia-city856","0.04432425968308197"
"maxmind_city_5034","dbpedia-city2920","0.06981131558450285"
"maxmind_city_4098","dbpedia-city10417","0.05149180504418785"
"maxmind_city_5035","dbpedia-city12585","0.028948115459215787"
"maxmind_city_18193","dbpedia-city5976","0.04178906149216878"
"maxmind_city_10730","dbpedia-city1368","0.03509190926725349"
"maxmind_city_5298","dbpedia-city3651","0.029525633199859652"
"maxmind_city_8500","dbpedia-city12367","0.03228824123960526"
"maxmind_city_4844","dbpedia-city6022","0.05022898652409173"
"maxmind_city_13882","dbpedia-city12370","0.05520314228780232"
"maxmind_city_11730","dbpedia-city15026","0.040344443191716206"
"maxmind_city_15768","dbpedia-city6721","0.01713401124970207"
"maxmind_city_7714","dbpedia-city3048","0.08093162647030952"
"maxmind_city_6817","dbpedia-city8894","0.0078057239519294525"
"maxmind_city_11184","dbpedia-city14008","0.007337642345393247"
"maxmind_city_12993","dbpedia-city5472","0.03254565593780287"
"maxmind_city_11779","dbpedia-city1026","0.001491841844466782"
"maxmind_city_4675","dbpedia-city8691","0.06965048394891199"
"maxmind_city_10409","dbpedia-city13028","0.058332645928900737"
"maxmind_city_14205","dbpedia-city9299","0.021082477292952137"
"maxmind_city_10719","dbpedia-city10231","0.03448028489518268"
"maxmind_city_16259","dbpedia-city12193","0.0067786528271238655"
"maxmind_city_517","dbpedia-city13841","0.0369370576259172"
"maxmind_city_17134","dbpedia-city11891","0.07163062829133202"
"maxmind_city_1612","dbpedia-city2812","0.058586945234373744"
"maxmind_city_16597","dbpedia-city8532","0.03536551935105538"
"maxmind_city_5195","dbpedia-city13900","0.014879064804941375"
"maxmind_city_2323","dbpedia-city3780","0.008515159714237941"
"maxmind_city_5112","dbpedia-city12658","0.08246815377010688"
"maxmind_city_398","dbpedia-city5061","0.0794447523410404"
"maxmind_city_12200","dbpedia-city14909","0.004436432147174513"
"maxmind_city_17478","dbpedia-city10969","0.02761061430348924"
"maxmind_city_14435","dbpedia-city6302","0.06973115611265052"
"maxmind_city_10329","dbpedia-city1104","0.033226500109036106"
"maxmind_city_18425","dbpedia-city3943","0.04890661464247831"
"maxmind_city_5986","dbpedia-city8936","0.02245276798237858"
"maxmind_city_18634","dbpedia-city1404","0.06277631671194017"
"maxmind_city_5466","dbpedia-city2893","0.0509376121506063"
"maxmind_city_5942","dbpedia-city2834","0.0398984267334047"
"maxmind_city_3612","dbpedia-city5458","0.00841587951053377"
"maxmind_city_16881","dbpedia-city7232","0.0034317808487448476"
"maxmind_city_11189","dbpedia-city488","0.07789979823259405"
"maxmind_city_18014","dbpedia-city11807","0.013458323003916361"
"maxmind_city_5467","dbpedia-city12811","0.04809931163935682"
"maxmind_city_4867","dbpedia-city14321","0.0017548156671495507"
"maxmind_city_964","dbpedia-city11057","0.0011748943279116936"
"maxmind_city_19142","dbpedia-city3038","0.020115558321862584"
"maxmind_city_16239","dbpedia-city9518","0.05175424550969594"
"maxmind_city_12013","dbpedia-city5752","0.05323004980267859"
"maxmind_city_5071","dbpedia-city5288","0.05836610822850019"
"maxmind_city_2479","dbpedia-city9355","0.012870860179910085"
"maxmind_city_16389","dbpedia-city6566","0.07429577495182704"
"maxmind_city_10738","dbpedia-city2778","0.026148688271534035"
"maxmind_city_5545","dbpedia-city450","0.04075834787813701"
"maxmind_city_12876","dbpedia-city8671","0.05098916288826702"
"maxmind_city_5022","dbpedia-city12086","0.00292267869909435"
"maxmind_city_10419","dbpedia-city5929","0.033141013955791374"
"maxmind_city_16746","dbpedia-city4095","0.05431302143071445"
"maxmind_city_16373","dbpedia-city10244","0.04762837200672991"
"maxmind_city_6521","dbpedia-city6697","0.03779001417624972"
"maxmind_city_16721","dbpedia-city11182","0.04079834441324341"
"maxmind_city_16333","dbpedia-city14194","0.060247676195881006"
"maxmind_city_18504","dbpedia-city4925","0.032363560825911075"
"maxmind_city_12010","dbpedia-city4100","0.06437136747407887"
"maxmind_city_4955","dbpedia-city1402","0.04075190396245"
"maxmind_city_11109","dbpedia-city374","0.0048522823388355285"
"maxmind_city_4726","dbpedia-city7399","0.009234091430744551"
"maxmind_city_18579","dbpedia-city1847","0.07249636829283396"
"maxmind_city_1580","dbpedia-city4830","0.015722556256367592"
"maxmind_city_14311","dbpedia-city3083","0.05176433038494205"
"maxmind_city_13129","dbpedia-city2671","0.02764522685439194"
"maxmind_city_14321","dbpedia-city3217","0.055394546292905855"
"maxmind_city_2750","dbpedia-city10461","0.053262639981732"
"maxmind_city_12521","dbpedia-city4231","0.03629081672940865"
"maxmind_city_16600","dbpedia-city13136","0.02539110601600869"
"maxmind_city_18213","dbpedia-city8053","0.08068929255897267"
"maxmind_city_18662","dbpedia-city3122","0.049371070460200145"
"maxmind_city_12538","dbpedia-city2390","0.060430762578073616"
"maxmind_city_18675","dbpedia-city4450","0.08788363231739138"
"maxmind_city_13177","dbpedia-city14528","0.041522609324652585"
"maxmind_city_11133","dbpedia-city4633","0.008724501433142434"
"maxmind_city_15440","dbpedia-city7876","0.017091590698173564"
"maxmind_city_18595","dbpedia-city1958","0.03500404398949633"
"maxmind_city_3908","dbpedia-city14567","0.07957846725748052"
"maxmind_city_9504","dbpedia-city12269","0.02831292107088211"
"maxmind_city_4836","dbpedia-city12235","0.03285196465136678"
"maxmind_city_11762","dbpedia-city6008","0.04031747561691244"
"maxmind_city_12920","dbpedia-city1473","0.047549311722867624"
"maxmind_city_16947","dbpedia-city10712","0.04872074705304366"
"maxmind_city_886","dbpedia-city9652","0.012726065570508996"
"maxmind_city_4776","dbpedia-city12358","0.03130300127264214"
"maxmind_city_13019","dbpedia-city2560","0.007546617186938817"
"maxmind_city_19033","dbpedia-city14939","0.007894836075994421"
"maxmind_city_11188","dbpedia-city4121","0.040201300640823"
"maxmind_city_5749","dbpedia-city11402","0.04513611432364366"
"maxmind_city_16380","dbpedia-city3174","0.0036531553839468794"
"maxmind_city_17362","dbpedia-city2121","0.08141999886194151"
"maxmind_city_18456","dbpedia-city9748","0.054120994740099765"
"maxmind_city_659","dbpedia-city4181","0.03765946564880719"
"maxmind_city_18447","dbpedia-city1183","0.02043543449415848"
"maxmind_city_18733","dbpedia-city4473","0.061591418985927654"
"maxmind_city_13047","dbpedia-city3685","0.08544159367111165"
"maxmind_city_2431","dbpedia-city759","0.033481712878851363"
"maxmind_city_4672","dbpedia-city3832","0.02301071177235188"
"maxmind_city_12002","dbpedia-city2692","0.05670665007943318"
"maxmind_city_18580","dbpedia-city11601","0.0409310978692929"
"maxmind_city_5788","dbpedia-city4384","0.08185970017229868"
"maxmind_city_1661","dbpedia-city12182","0.08790877843254413"
"maxmind_city_6779","dbpedia-city9150","0.08915622990559174"
"maxmind_city_18596","dbpedia-city11756","0.041805445869491975"
"maxmind_city_3112","dbpedia-city4924","0.06943599786756569"
"maxmind_city_9643","dbpedia-city5281","0.048369293985984566"
"maxmind_city_12045","dbpedia-city9975","0.08622127320847975"
"maxmind_city_14710","dbpedia-city12707","0.012532553102452243"
"maxmind_city_18457","dbpedia-city5858","6.991449738349004E-4"
"maxmind_city_18357","dbpedia-city4277","0.05603604522498483"
"maxmind_city_18705","dbpedia-city14559","0.0706154466362385"
"maxmind_city_14310","dbpedia-city922","0.02662845613375281"
"maxmind_city_13536","dbpedia-city10894","0.04151957926169232"
"maxmind_city_14381","dbpedia-city6608","0.06731867215920562"
"maxmind_city_5302","dbpedia-city5651","0.05033138840529604"
"maxmind_city_14744","dbpedia-city7300","0.04517541957218349"
"maxmind_city_19047","dbpedia-city6221","0.035688555112541195"
"maxmind_city_17460","dbpedia-city14799","0.019127451849338853"
"maxmind_city_9201","dbpedia-city12674","2.7018385950554336E-4"
"maxmind_city_10606","dbpedia-city10626","0.03395086185234604"
"maxmind_city_2859","dbpedia-city7885","0.01882530566745587"
"maxmind_city_12067","dbpedia-city12375","0.04798754659279873"
"maxmind_city_14904","dbpedia-city14364","0.002865418331252867"
"maxmind_city_13064","dbpedia-city12517","0.010149927796345812"
"maxmind_city_3747","dbpedia-city7899","0.0202936779558308"
"maxmind_city_2502","dbpedia-city12902","0.008666225495293098"
"maxmind_city_2013","dbpedia-city5285","0.05860826363909058"
"maxmind_city_6482","dbpedia-city11116","0.047995217134084084"
"maxmind_city_2430","dbpedia-city14238","0.07877175388439314"
"maxmind_city_8979","dbpedia-city13274","0.06121024173026626"
"maxmind_city_166","dbpedia-city4475","0.06500092651979074"
"maxmind_city_14307","dbpedia-city2423","0.022718606543453035"
"maxmind_city_2786","dbpedia-city8670","0.050435492730550674"
"maxmind_city_6972","dbpedia-city1741","0.07554599567503614"
"maxmind_city_5306","dbpedia-city6159","0.020521027891019117"
"maxmind_city_18444","dbpedia-city11119","0.04449774721365907"
"maxmind_city_8184","dbpedia-city11144","0.07643328814807124"
"maxmind_city_16374","dbpedia-city7989","0.08527741693606275"
"maxmind_city_18492","dbpedia-city1845","0.03812067325232166"
"maxmind_city_18105","dbpedia-city13187","0.009096777780974952"
"maxmind_city_14102","dbpedia-city1155","0.07853233507177218"
"maxmind_city_8121","dbpedia-city3611","0.058119983584794754"
"maxmind_city_18806","dbpedia-city13729","0.05783465713954655"
"maxmind_city_8604","dbpedia-city5255","0.05701138423952809"
"maxmind_city_8720","dbpedia-city14839","0.04099568961223066"
"maxmind_city_2155","dbpedia-city8254","0.05073981813418721"
"maxmind_city_3779","dbpedia-city12270","0.030814711716748766"
"maxmind_city_10545","dbpedia-city13313","0.017657463452621217"
"maxmind_city_4950","dbpedia-city10660","0.0608847484166706"
"maxmind_city_14041","dbpedia-city8574","0.062203605399432385"
"maxmind_city_11076","dbpedia-city4061","0.07244917814864782"
"maxmind_city_14178","dbpedia-city12037","0.03387289641856661"
"maxmind_city_9154","dbpedia-city9110","0.050563754700622854"
"maxmind_city_10696","dbpedia-city3584","0.07908911974247493"
"maxmind_city_6173","dbpedia-city8762","0.01791696832033096"
"maxmind_city_15043","dbpedia-city6564","0.0777416112146381"
"maxmind_city_9611","dbpedia-city5363","0.01169400538178167"
"maxmind_city_10507","dbpedia-city4766","0.05915821499436366"
"maxmind_city_18536","dbpedia-city10749","0.045656196074042865"
"maxmind_city_12567","dbpedia-city7176","0.07577198397824575"
"maxmind_city_9514","dbpedia-city11029","0.025584488153216442"
"maxmind_city_13886","dbpedia-city2960","0.019436947791164713"
"maxmind_city_18489","dbpedia-city11284","0.049985964004603464"
"maxmind_city_3694","dbpedia-city8120","0.04465467261648194"
"maxmind_city_12819","dbpedia-city6271","0.07609849306564351"
"maxmind_city_16112","dbpedia-city14461","0.007182618135087235"
"maxmind_city_14278","dbpedia-city2132","0.03714138344594989"
"maxmind_city_14289","dbpedia-city14798","0.08471906702601537"
"maxmind_city_4886","dbpedia-city5890","0.046807277982286025"
"maxmind_city_18646","dbpedia-city4079","0.057730378396655554"
"maxmind_city_6116","dbpedia-city3372","0.02004558951177099"
"maxmind_city_1769","dbpedia-city6171","0.049902762248936805"
"maxmind_city_16341","dbpedia-city13361","0.048028899567001376"
"maxmind_city_1133","dbpedia-city11292","0.05606906648887604"
"maxmind_city_5309","dbpedia-city5553","0.030447302769348025"
"maxmind_city_15585","dbpedia-city5590","0.030795678759076114"
"maxmind_city_14944","dbpedia-city6452","0.022974374604286876"
"maxmind_city_16980","dbpedia-city14202","0.05238703229629288"
"maxmind_city_15411","dbpedia-city1311","0.003319929909432612"
"maxmind_city_9352","dbpedia-city14088","0.029429018290385606"
"maxmind_city_1132","dbpedia-city14343","0.02531650405200457"
"maxmind_city_11393","dbpedia-city4368","0.042572874102397074"
"maxmind_city_18535","dbpedia-city4097","0.044868676833086416"
"maxmind_city_15413","dbpedia-city7384","0.07436993401034922"
"maxmind_city_18369","dbpedia-city8400","0.046951692700361855"
"maxmind_city_18417","dbpedia-city3666","0.01739456106801826"
"maxmind_city_9143","dbpedia-city1228","0.0031427162540833137"
"maxmind_city_17935","dbpedia-city6620","0.055641944768989815"
"maxmind_city_4878","dbpedia-city4013","0.07023289388025072"
"maxmind_city_4966","dbpedia-city9984","0.030998580104239823"
"maxmind_city_9537","dbpedia-city10568","0.0573356445526447"
"maxmind_city_7951","dbpedia-city8269","0.017506103001986045"
"maxmind_city_18658","dbpedia-city4353","0.08986128670737664"
"maxmind_city_4969","dbpedia-city934","0.04222437827128381"
"maxmind_city_10201","dbpedia-city9111","0.06825122795925351"
"maxmind_city_5670","dbpedia-city8577","0.09042550943049626"
"maxmind_city_18505","dbpedia-city6561","0.03361742049278085"
"maxmind_city_4218","dbpedia-city7330","0.017106185943581473"
"maxmind_city_14421","dbpedia-city3101","0.0647106285745874"
"maxmind_city_17883","dbpedia-city9666","0.04114509490322754"
"maxmind_city_2405","dbpedia-city10388","0.011044938707625976"
"maxmind_city_13150","dbpedia-city4908","0.0037090123846655887"
"maxmind_city_16126","dbpedia-city12717","0.031867504162394256"
"maxmind_city_12633","dbpedia-city8380","0.03823758064289057"
"maxmind_city_2389","dbpedia-city1204","0.07990333805578784"
"maxmind_city_1143","dbpedia-city12667","0.029534347458650315"
"maxmind_city_1136","dbpedia-city13170","0.07393204469126893"
"maxmind_city_15925","dbpedia-city2686","0.009191520613311313"
"maxmind_city_4358","dbpedia-city4745","0.02975099180666063"
"maxmind_city_18497","dbpedia-city13494","0.053012761304443684"
"maxmind_city_8586","dbpedia-city9047","0.07653452287342202"
"maxmind_city_6498","dbpedia-city1028","0.07798230718251198"
"maxmind_city_5351","dbpedia-city3257","0.03243556666780337"
"maxmind_city_4931","dbpedia-city14285","0.06763802645423625"
"maxmind_city_11829","dbpedia-city11967","0.046908059583703324"
"maxmind_city_6275","dbpedia-city10463","0.0354183644197138"
"maxmind_city_10810","dbpedia-city7640","0.05601726480158023"
"maxmind_city_14141","dbpedia-city1872","0.005927139432735942"
"maxmind_city_87","dbpedia-city2178","0.004940264194639443"
"maxmind_city_15304","dbpedia-city4410","0.023522090187957326"
"maxmind_city_2340","dbpedia-city1748","0.04170450991121295"
"maxmind_city_4413","dbpedia-city7334","0.07825207020121813"
"maxmind_city_1146","dbpedia-city5270","0.04633518706213158"
"maxmind_city_15516","dbpedia-city11666","0.06310653388977566"
"maxmind_city_9364","dbpedia-city14366","0.021179058645037163"
"maxmind_city_1157","dbpedia-city9722","0.0603217370866795"
"maxmind_city_1987","dbpedia-city12798","0.03674064538814471"
"maxmind_city_12634","dbpedia-city4997","0.059152665739204"
"maxmind_city_8598","dbpedia-city4479","0.073354146341082"
"maxmind_city_15936","dbpedia-city2017","0.008499809411526366"
"maxmind_city_3571","dbpedia-city12570","0.007693474666727498"
"maxmind_city_1145","dbpedia-city12886","0.03448155499727157"
"maxmind_city_10700","dbpedia-city2173","0.04960513744594869"
"maxmind_city_15476","dbpedia-city5235","0.05224831599013413"
"maxmind_city_3373","dbpedia-city3662","0.019841595828148872"
"maxmind_city_10595","dbpedia-city10924","0.012633793674284174"
"maxmind_city_773","dbpedia-city6951","0.01719554302735432"
"maxmind_city_2500","dbpedia-city7515","0.0168856613761591"
"maxmind_city_18190","dbpedia-city3523","0.03958638949362275"
"maxmind_city_9298","dbpedia-city6122","6.936410094534884E-4"
"maxmind_city_18786","dbpedia-city6587","0.04199348219888646"
"maxmind_city_18001","dbpedia-city1077","0.05668825490121103"
"maxmind_city_8003","dbpedia-city4668","0.05441633489296627"
"maxmind_city_15403","dbpedia-city5695","0.05377989807757011"
"maxmind_city_16261","dbpedia-city7169","0.04178123906141536"
"maxmind_city_14369","dbpedia-city11937","0.028109773906009147"
"maxmind_city_17682","dbpedia-city8032","0.03332653324910437"
"maxmind_city_14133","dbpedia-city5054","0.05627300386603819"
"maxmind_city_5422","dbpedia-city8075","0.07042649793975495"
"maxmind_city_6291","dbpedia-city1625","0.08661828461279927"
"maxmind_city_15409","dbpedia-city3405","0.029887673322308295"
"maxmind_city_15392","dbpedia-city107","0.06954259195701226"
"maxmind_city_1602","dbpedia-city2020","0.08559556166045143"
"maxmind_city_16139","dbpedia-city5001","0.007093177756194682"
"maxmind_city_15479","dbpedia-city11178","0.037485982765894765"
"maxmind_city_11707","dbpedia-city1611","0.02351845656849319"
"maxmind_city_2966","dbpedia-city7651","0.007652105900988665"
"maxmind_city_10617","dbpedia-city8211","0.046227159839509535"
"maxmind_city_2770","dbpedia-city8648","0.0067038745641693626"
"maxmind_city_10585","dbpedia-city9566","0.008059664894761023"
"maxmind_city_14397","dbpedia-city3524","0.034283103712245494"
"maxmind_city_3094","dbpedia-city8417","0.05399743682286677"
"maxmind_city_5031","dbpedia-city7340","0.07349731793131134"
"maxmind_city_5879","dbpedia-city9602","0.04151265106716616"
"maxmind_city_6126","dbpedia-city6594","0.021430289234621355"
"maxmind_city_18537","dbpedia-city14053","0.05396979299752318"
"maxmind_city_5199","dbpedia-city13428","0.05198179686130894"
"maxmind_city_10271","dbpedia-city11685","0.06036773661255024"
"maxmind_city_10928","dbpedia-city10810","0.011112900048249497"
"maxmind_city_12219","dbpedia-city15025","0.008170337409634049"
"maxmind_city_3655","dbpedia-city556","0.03541519654180254"
"maxmind_city_4958","dbpedia-city606","0.006388454735027457"
"maxmind_city_3135","dbpedia-city7165","0.05794094869255964"
"maxmind_city_10844","dbpedia-city14427","0.07133252157217826"
"maxmind_city_16149","dbpedia-city10609","0.040621142665763"
"maxmind_city_15574","dbpedia-city10436","0.043733163281515275"
"maxmind_city_3120","dbpedia-city8450","0.08578000380680523"
"maxmind_city_1207","dbpedia-city6198","0.05234694699103483"
"maxmind_city_18500","dbpedia-city13371","0.07302475481857928"
"maxmind_city_16014","dbpedia-city5839","0.044605504965455595"
"maxmind_city_14510","dbpedia-city4741","0.06034839355669201"
"maxmind_city_3016","dbpedia-city12917","0.023100161235273156"
"maxmind_city_4028","dbpedia-city6795","0.023910402902667785"
"maxmind_city_5190","dbpedia-city5148","0.07274670391405316"
"maxmind_city_5177","dbpedia-city11775","0.02226905262790821"
"maxmind_city_5009","dbpedia-city13491","0.03300352949844104"
"maxmind_city_16468","dbpedia-city749","0.04837973743228688"
"maxmind_city_19","dbpedia-city911","0.05528527954383697"
"maxmind_city_3598","dbpedia-city843","0.06314801131443751"
"maxmind_city_15118","dbpedia-city521","0.0798722072222379"
"maxmind_city_3022","dbpedia-city607","0.059586229466585316"
"maxmind_city_3857","dbpedia-city3882","0.025840458393534646"
"maxmind_city_4456","dbpedia-city1542","0.08105473066980043"
"maxmind_city_19308","dbpedia-city9143","0.08224418561369126"
"maxmind_city_10846","dbpedia-city10314","0.06648307275628695"
"maxmind_city_18236","dbpedia-city14761","0.03366932825791338"
"maxmind_city_15054","dbpedia-city3263","0.044362855668789225"
"maxmind_city_10937","dbpedia-city121","0.016592657950805847"
"maxmind_city_617","dbpedia-city6705","0.04925579780429905"
"maxmind_city_3769","dbpedia-city12983","0.02731008473452988"
"maxmind_city_3925","dbpedia-city2779","0.02135031039591173"
"maxmind_city_18370","dbpedia-city1619","0.010710982621834078"
"maxmind_city_17414","dbpedia-city9691","0.010057258858497758"
"maxmind_city_16382","dbpedia-city10039","0.08233520665265576"
"maxmind_city_4757","dbpedia-city10438","0.022585442639593625"
"maxmind_city_6622","dbpedia-city10396","0.0779626978596489"
"maxmind_city_9476","dbpedia-city1286","0.0772091411262271"
"maxmind_city_3309","dbpedia-city8943","0.02555895676647517"
"maxmind_city_3684","dbpedia-city343","0.028535395011371506"
"maxmind_city_14526","dbpedia-city14409","0.06923442633391355"
"maxmind_city_15613","dbpedia-city3803","0.04586643355914086"
"maxmind_city_9765","dbpedia-city3102","0.08517037006353328"
"maxmind_city_9735","dbpedia-city1383","0.03490158632507606"
"maxmind_city_12701","dbpedia-city1347","0.025800389847741842"
"maxmind_city_890","dbpedia-city10735","0.0011108007792390573"
"maxmind_city_16159","dbpedia-city9614","0.022651123955296962"
"maxmind_city_13885","dbpedia-city4048","0.05584603064277302"
"maxmind_city_5198","dbpedia-city10512","0.056269778964735145"
"maxmind_city_17451","dbpedia-city9072","0.016682928473510772"
"maxmind_city_9221","dbpedia-city2636","0.004768207726409186"
"maxmind_city_13699","dbpedia-city1733","0.0039486248148420805"
"maxmind_city_13593","dbpedia-city14759","0.06443394989534384"
"maxmind_city_6426","dbpedia-city14509","0.08664125366182066"
"maxmind_city_13307","dbpedia-city11949","0.0683769633864098"
"maxmind_city_7091","dbpedia-city10214","0.08856074929563074"
"maxmind_city_8439","dbpedia-city1362","0.019826364826253468"
"maxmind_city_3393","dbpedia-city3236","0.082527545897156"
"maxmind_city_17435","dbpedia-city2306","0.05493750365392949"
"maxmind_city_18162","dbpedia-city5305","0.0876900990159599"
"maxmind_city_870","dbpedia-city8098","0.05982330117630827"
"maxmind_city_5997","dbpedia-city1258","0.05013407585222271"
"maxmind_city_5350","dbpedia-city13436","0.023181446183893492"
"maxmind_city_3009","dbpedia-city9231","0.009666079366633482"
"maxmind_city_2714","dbpedia-city8106","0.044289364769966144"
"maxmind_city_13515","dbpedia-city12326","0.051369851969273655"
"maxmind_city_4940","dbpedia-city6485","0.0058449591231041625"
"maxmind_city_17352","dbpedia-city12315","0.07639402727558323"
"maxmind_city_2481","dbpedia-city13804","0.0665479030471579"
"maxmind_city_18081","dbpedia-city10754","0.05460376118308044"
"maxmind_city_16127","dbpedia-city14796","0.06965478212586634"
"maxmind_city_12537","dbpedia-city6480","0.011745568797216166"
"maxmind_city_17065","dbpedia-city8188","0.032586534312445486"
"maxmind_city_11688","dbpedia-city6430","0.04254993495107656"
"maxmind_city_5897","dbpedia-city823","0.03222239291302299"
"maxmind_city_13394","dbpedia-city10873","0.013347527455642633"
"maxmind_city_13409","dbpedia-city6194","0.05199175046879259"
"maxmind_city_15302","dbpedia-city3325","0.07348574117201676"
"maxmind_city_1772","dbpedia-city6577","0.03426154215054267"
"maxmind_city_1504","dbpedia-city12356","0.027458590013496098"
"maxmind_city_15438","dbpedia-city15047","9.086912411228262E-4"
"maxmind_city_548","dbpedia-city9000","0.060165013792222125"
"maxmind_city_14402","dbpedia-city62","0.054735472727012055"
"maxmind_city_799","dbpedia-city11714","0.07104228513887653"
"maxmind_city_6000","dbpedia-city14777","0.07223030095534005"
"maxmind_city_3503","dbpedia-city14845","0.04936262064030872"
"maxmind_city_7499","dbpedia-city2331","0.0727336658474608"
"maxmind_city_12862","dbpedia-city13424","0.025152288226694908"
"maxmind_city_12744","dbpedia-city7044","0.025127169369921543"
"maxmind_city_10154","dbpedia-city13091","0.0702173284792445"
"maxmind_city_16920","dbpedia-city14996","0.008273968410346"
"maxmind_city_2862","dbpedia-city12501","0.010905661304841288"
"maxmind_city_7412","dbpedia-city5692","0.06850563688594113"
"maxmind_city_1497","dbpedia-city11366","0.038481490585072026"
"maxmind_city_17409","dbpedia-city10030","0.05995997375839365"
"maxmind_city_5928","dbpedia-city14698","0.08075101040952526"
"maxmind_city_17413","dbpedia-city12012","0.049464484954074156"
"maxmind_city_17494","dbpedia-city2675","0.03411598571471647"
"maxmind_city_16573","dbpedia-city13991","0.06106989784973671"
"maxmind_city_14488","dbpedia-city10013","0.026832703130163324"
"maxmind_city_12120","dbpedia-city690","0.021977461259912262"
"maxmind_city_16618","dbpedia-city7010","0.04042299234994734"
"maxmind_city_2109","dbpedia-city11516","0.06051015387734654"
"maxmind_city_5718","dbpedia-city13958","0.059349448260576795"
"maxmind_city_15149","dbpedia-city5139","0.0067306254083481926"
"maxmind_city_12227","dbpedia-city4186","0.0715660662417488"
"maxmind_city_9215","dbpedia-city8698","0.019051437870969773"
"maxmind_city_19128","dbpedia-city12784","0.019968887534145344"
"maxmind_city_115","dbpedia-city12008","0.03773011781041005"
"maxmind_city_2998","dbpedia-city3042","0.02761815143045737"
"maxmind_city_17452","dbpedia-city12115","0.015712965247054983"
"maxmind_city_10045","dbpedia-city2599","0.07275288109497349"
"maxmind_city_12679","dbpedia-city460","0.019676655619075265"
"maxmind_city_10412","dbpedia-city11551","0.021505217138112653"
"maxmind_city_13757","dbpedia-city11247","0.027502987821529976"
"maxmind_city_5124","dbpedia-city9007","0.05982139134507465"
"maxmind_city_2491","dbpedia-city3607","0.050211843212166485"
"maxmind_city_7378","dbpedia-city588","0.06286593557919246"
"maxmind_city_3101","dbpedia-city2313","0.055289781829907736"
"maxmind_city_13649","dbpedia-city13937","0.05281231013042749"
"maxmind_city_5768","dbpedia-city10899","0.054346320756143596"
"maxmind_city_8742","dbpedia-city8549","0.05850990520024371"
"maxmind_city_9217","dbpedia-city6057","0.0629983869790445"
"maxmind_city_13365","dbpedia-city8391","0.045846938760043074"
"maxmind_city_8695","dbpedia-city14524","0.005216161616585904"
"maxmind_city_2651","dbpedia-city991","0.020844725494072402"
"maxmind_city_5480","dbpedia-city14781","0.0576076493072174"
"maxmind_city_11904","dbpedia-city14079","0.017344959577233032"
"maxmind_city_5985","dbpedia-city6864","0.05257693116298211"
"maxmind_city_5479","dbpedia-city4224","0.045408803669147624"
"maxmind_city_8458","dbpedia-city11408","0.06348721647786956"
"maxmind_city_16097","dbpedia-city4050","0.05194127159484491"
"maxmind_city_17449","dbpedia-city14807","0.08525852650512397"
"maxmind_city_17597","dbpedia-city5377","0.05687744016215819"
"maxmind_city_14497","dbpedia-city346","0.038088959368171846"
"maxmind_city_12475","dbpedia-city583","0.0010124577106906396"
"maxmind_city_13656","dbpedia-city10489","0.05558726753750487"
"maxmind_city_4014","dbpedia-city7715","0.0215083567354291"
"maxmind_city_8886","dbpedia-city14239","0.028572119088388914"
"maxmind_city_19196","dbpedia-city12150","0.06259149478617787"
"maxmind_city_4284","dbpedia-city4947","0.043029471261944424"
"maxmind_city_17495","dbpedia-city5729","0.036940285175913495"
"maxmind_city_12350","dbpedia-city426","0.0632306240528466"
"maxmind_city_19127","dbpedia-city9086","0.058212048961034324"
"maxmind_city_1776","dbpedia-city12006","0.00411322550129057"
"maxmind_city_2154","dbpedia-city1004","0.05223709213655303"
"maxmind_city_5856","dbpedia-city2212","0.01863953797436768"
"maxmind_city_2492","dbpedia-city10523","0.06367538729693012"
"maxmind_city_5980","dbpedia-city4451","0.043154387715330964"
"maxmind_city_13652","dbpedia-city10498","0.022675222443128917"
"maxmind_city_16039","dbpedia-city4748","0.027519683225002464"
"maxmind_city_17993","dbpedia-city11532","0.051259769944384054"
"maxmind_city_19253","dbpedia-city14465","0.029737886274677786"
"maxmind_city_13278","dbpedia-city775","0.052287212667285365"
"maxmind_city_13637","dbpedia-city14584","0.0268581140893311"
"maxmind_city_4172","dbpedia-city1547","0.06866453028778466"
"maxmind_city_343","dbpedia-city5843","0.023199469230110792"
"maxmind_city_13318","dbpedia-city4568","0.03745794837931493"
"maxmind_city_18295","dbpedia-city10279","0.032347884645521685"
"maxmind_city_16308","dbpedia-city12072","0.03407018359616426"
"maxmind_city_15052","dbpedia-city6677","0.06413454364171373"
"maxmind_city_13653","dbpedia-city2926","0.05901627242682006"
"maxmind_city_15851","dbpedia-city11645","0.04229886428780964"
"maxmind_city_1983","dbpedia-city540","0.05185173728503284"
"maxmind_city_14775","dbpedia-city5104","0.06320103516867717"
"maxmind_city_8521","dbpedia-city12934","0.03676226699842555"
"maxmind_city_17905","dbpedia-city11776","0.02593561609053653"
"maxmind_city_14288","dbpedia-city1572","0.02411416138589756"
"maxmind_city_4603","dbpedia-city12161","0.0065420032852303855"
"maxmind_city_16167","dbpedia-city11256","0.012201406639430867"
"maxmind_city_10094","dbpedia-city794","0.018364999815966176"
"maxmind_city_1317","dbpedia-city10918","0.059716658668945294"
"maxmind_city_6686","dbpedia-city7982","0.020254379437673803"
"maxmind_city_8565","dbpedia-city2083","0.0191566577789489"
"maxmind_city_15784","dbpedia-city13605","0.049785008545704584"
"maxmind_city_11360","dbpedia-city9753","0.06546486927690348"
"maxmind_city_12315","dbpedia-city3563","0.05514802576799502"
"maxmind_city_9896","dbpedia-city5485","0.00524280024815299"
"maxmind_city_347","dbpedia-city6895","0.04403291650067678"
"maxmind_city_1031","dbpedia-city4803","0.006497738118558319"
"maxmind_city_10035","dbpedia-city5447","0.005506898133463292"
"maxmind_city_10270","dbpedia-city4371","0.08980966913344349"
"maxmind_city_1080","dbpedia-city7924","0.009133819634612156"
"maxmind_city_15805","dbpedia-city6001","0.002744252926879097"
"maxmind_city_1354","dbpedia-city3928","0.060201322601374174"
"maxmind_city_15356","dbpedia-city5252","0.03338872547558672"
"maxmind_city_13982","dbpedia-city13138","0.06129653718989504"
"maxmind_city_15296","dbpedia-city8113","0.04891742476226507"
"maxmind_city_13827","dbpedia-city27","0.020740897124122734"
"maxmind_city_3988","dbpedia-city9695","0.044747285720176916"
"maxmind_city_1843","dbpedia-city11295","0.04285644796221039"
"maxmind_city_10878","dbpedia-city6037","0.07432988849952324"
"maxmind_city_8884","dbpedia-city5899","0.037564604733043835"
"maxmind_city_615","dbpedia-city559","0.0909262084286617"
"maxmind_city_3174","dbpedia-city3781","0.01740329796764395"
"maxmind_city_9478","dbpedia-city2277","0.014452113306972506"
"maxmind_city_16349","dbpedia-city7501","0.07624808695107621"
"maxmind_city_3201","dbpedia-city11286","0.033927311398209675"
"maxmind_city_13133","dbpedia-city6992","0.04719183161804977"
"maxmind_city_16291","dbpedia-city9637","0.06157157451052239"
"maxmind_city_17726","dbpedia-city13522","0.0014702690642771632"
"maxmind_city_14044","dbpedia-city5399","0.07590953680408036"
"maxmind_city_11686","dbpedia-city4329","0.07085876259754947"
"maxmind_city_12631","dbpedia-city8326","0.030928512280880754"
"maxmind_city_1971","dbpedia-city428","0.012927270353202375"
"maxmind_city_8012","dbpedia-city2211","0.0568133163036921"
"maxmind_city_11263","dbpedia-city12810","0.08860101887229369"
"maxmind_city_3179","dbpedia-city4682","0.044699348746481585"
"maxmind_city_17041","dbpedia-city12422","0.05457854087002617"
"maxmind_city_13762","dbpedia-city6585","0.0663612137880483"
"maxmind_city_4320","dbpedia-city10250","0.07091678368756113"
"maxmind_city_12822","dbpedia-city3104","0.024715763488891568"
"maxmind_city_8855","dbpedia-city11444","0.03401993953237378"
"maxmind_city_646","dbpedia-city10191","0.0746712935082906"
"maxmind_city_4131","dbpedia-city6980","0.0046847434615111955"
"maxmind_city_1931","dbpedia-city10661","0.08507420667897714"
"maxmind_city_3288","dbpedia-city6330","0.07583655693670138"
"maxmind_city_847","dbpedia-city11127","0.02592913792869868"
"maxmind_city_7511","dbpedia-city8004","0.0026734970612493775"
"maxmind_city_292","dbpedia-city10290","0.03583843963180347"
"maxmind_city_17207","dbpedia-city1438","0.017029310272058826"
"maxmind_city_3216","dbpedia-city4144","0.003702777368269322"
"maxmind_city_10496","dbpedia-city3847","0.064884733260965"
"maxmind_city_18514","dbpedia-city11540","0.08019989049289172"
"maxmind_city_17569","dbpedia-city14474","0.06949765309843092"
"maxmind_city_11471","dbpedia-city10132","0.034236072899357345"
"maxmind_city_2164","dbpedia-city5994","0.08499125279900185"
"maxmind_city_13912","dbpedia-city10632","0.003010541954713425"
"maxmind_city_16292","dbpedia-city12670","0.02675727164862543"
"maxmind_city_15778","dbpedia-city5864","0.003753471401174921"
"maxmind_city_17668","dbpedia-city12075","0.008247563390132787"
"maxmind_city_863","dbpedia-city4887","7.922031190805007E-4"
"maxmind_city_862","dbpedia-city11130","0.03841871614470274"
"maxmind_city_527","dbpedia-city11782","0.013745592625316966"
"maxmind_city_14029","dbpedia-city7470","0.0039608999608898715"
"maxmind_city_11467","dbpedia-city6515","0.04010911992320783"
"maxmind_city_16076","dbpedia-city4868","0.09100000000000005"
"maxmind_city_11267","dbpedia-city2447","0.0044438048737724944"
"maxmind_city_18435","dbpedia-city6636","0.09064272164890222"
"maxmind_city_17573","dbpedia-city4161","0.055188883145732365"
"maxmind_city_1670","dbpedia-city11414","0.03666504402380555"
"maxmind_city_1101","dbpedia-city13801","0.08546055400000371"
"maxmind_city_5855","dbpedia-city11379","0.018989889090909415"
"maxmind_city_3205","dbpedia-city1287","0.043801793694018806"
"maxmind_city_2009","dbpedia-city479","0.02899292191641653"
"maxmind_city_1947","dbpedia-city3621","0.0715696475686089"
"maxmind_city_2028","dbpedia-city1185","0.07962068638027076"
"maxmind_city_5020","dbpedia-city1092","0.061693365275825335"
"maxmind_city_1304","dbpedia-city1290","0.013567720573347292"
"maxmind_city_15537","dbpedia-city12640","0.05236611266272881"
"maxmind_city_17919","dbpedia-city13852","0.06546626230558833"
"maxmind_city_16531","dbpedia-city7286","0.013331441931995508"
"maxmind_city_1906","dbpedia-city8321","0.032122865503073667"
"maxmind_city_18204","dbpedia-city14144","0.013443096589056347"
"maxmind_city_11430","dbpedia-city14544","0.004560057404822418"
"maxmind_city_18060","dbpedia-city2958","0.0041105161232496135"
"maxmind_city_3449","dbpedia-city593","0.0790449576697255"
"maxmind_city_1435","dbpedia-city12616","0.039867714515478186"
"maxmind_city_1243","dbpedia-city13785","0.005666666666666723"
"maxmind_city_12707","dbpedia-city2837","0.03232832315641153"
"maxmind_city_13004","dbpedia-city437","0.04608708255828152"
"maxmind_city_8674","dbpedia-city13913","0.038408821884055575"
"maxmind_city_13952","dbpedia-city4288","0.03969469743633697"
"maxmind_city_475","dbpedia-city4513","0.06114072960935288"
"maxmind_city_13326","dbpedia-city12160","0.07095670638412821"
"maxmind_city_17579","dbpedia-city10958","0.048836967711745505"
"maxmind_city_1566","dbpedia-city3146","0.04000784792145293"
"maxmind_city_3520","dbpedia-city1411","0.027908315194027686"
"maxmind_city_561","dbpedia-city3944","0.011781551822087816"
"maxmind_city_8235","dbpedia-city4205","0.041373303965665326"
"maxmind_city_14748","dbpedia-city7288","0.05168852718583565"
"maxmind_city_10300","dbpedia-city718","0.07973156110848176"
"maxmind_city_7856","dbpedia-city13070","0.023641173829770504"
"maxmind_city_7451","dbpedia-city455","0.03121766969125153"
"maxmind_city_8228","dbpedia-city14704","0.02248183059574252"
"maxmind_city_9730","dbpedia-city522","0.038010197372335214"
"maxmind_city_3464","dbpedia-city2391","0.040255039935061424"
"maxmind_city_16853","dbpedia-city5411","0.03326050509061851"
"maxmind_city_15931","dbpedia-city14133","0.06824161662140413"
"maxmind_city_1308","dbpedia-city12211","0.033957535071256054"
"maxmind_city_8561","dbpedia-city8844","0.0865337895912773"
"maxmind_city_6235","dbpedia-city9669","0.004059266297042764"
"maxmind_city_1385","dbpedia-city2128","0.05250548077078594"
"maxmind_city_8502","dbpedia-city9880","0.010473991535542584"
"maxmind_city_1494","dbpedia-city6525","0.003676284963862096"
"maxmind_city_14006","dbpedia-city13889","0.07256500623674206"
"maxmind_city_17084","dbpedia-city1063","0.07062383941815123"
"maxmind_city_10943","dbpedia-city13483","0.012775801895232905"
"maxmind_city_4581","dbpedia-city3562","0.018695743851076085"
"maxmind_city_4370","dbpedia-city4112","0.0256742703909532"
"maxmind_city_2633","dbpedia-city795","0.003615324865670483"
"maxmind_city_12985","dbpedia-city12141","0.0356030536902993"
"maxmind_city_10695","dbpedia-city8000","0.018144011640526814"
"maxmind_city_16565","dbpedia-city1879","0.0397485769686273"
"maxmind_city_19018","dbpedia-city8406","0.05476213909609354"
"maxmind_city_19055","dbpedia-city8527","0.016090635642366305"
"maxmind_city_18093","dbpedia-city14588","0.007668741415133337"
"maxmind_city_8467","dbpedia-city14035","0.03486135549732329"
"maxmind_city_17695","dbpedia-city1212","0.0432446632708723"
"maxmind_city_8536","dbpedia-city10771","0.003701448725474718"
"maxmind_city_3457","dbpedia-city14160","0.03599982736682819"
"maxmind_city_7224","dbpedia-city11669","0.02318487886203642"
"maxmind_city_16704","dbpedia-city1152","0.033129721850904875"
"maxmind_city_8527","dbpedia-city6846","0.012563026293466562"
"maxmind_city_7031","dbpedia-city5307","0.018297069066005797"
"maxmind_city_17397","dbpedia-city1415","0.0022337031754640774"
"maxmind_city_12154","dbpedia-city11346","0.012303249379823925"
"maxmind_city_10862","dbpedia-city5032","0.018008945796359102"
"maxmind_city_6582","dbpedia-city14246","0.060356197936974804"
"maxmind_city_982","dbpedia-city4130","0.00852348271695115"
"maxmind_city_3395","dbpedia-city7935","0.016069856736528623"
"maxmind_city_10469","dbpedia-city2416","0.021569481725330797"
"maxmind_city_6878","dbpedia-city2928","7.360601698658403E-4"
"maxmind_city_42","dbpedia-city11079","0.036538136717047406"
"maxmind_city_8417","dbpedia-city1080","0.08102495533135984"
"maxmind_city_17392","dbpedia-city394","0.053758839820508664"
"maxmind_city_12818","dbpedia-city9743","0.016563842828293776"
"maxmind_city_769","dbpedia-city5660","0.0828449127491642"
"maxmind_city_13483","dbpedia-city1357","7.954998213198089E-4"
"maxmind_city_17699","dbpedia-city10691","0.04271304276896262"
"maxmind_city_17170","dbpedia-city2456","0.011054786391144586"
"maxmind_city_17518","dbpedia-city860","0.016310979186639152"
"maxmind_city_12197","dbpedia-city8327","0.05407814056403146"
"maxmind_city_10798","dbpedia-city8343","0.022219624182686443"
"maxmind_city_556","dbpedia-city256","2.6128326201645125E-4"
"maxmind_city_9096","dbpedia-city1623","0.01870306844561552"
"maxmind_city_12624","dbpedia-city14539","0.01534074204886167"
"maxmind_city_16645","dbpedia-city9498","0.024262341478083038"
"maxmind_city_14203","dbpedia-city3773","0.06989008151380391"
"maxmind_city_15781","dbpedia-city7391","0.014210694556913803"
"maxmind_city_4783","dbpedia-city11852","0.04367097945429513"
"maxmind_city_13764","dbpedia-city2400","0.04324040769010824"
"maxmind_city_6479","dbpedia-city10835","0.05882100398162954"
"maxmind_city_11531","dbpedia-city419","0.05089887908103055"
"maxmind_city_12205","dbpedia-city6984","4.210554762048152E-4"
"maxmind_city_10373","dbpedia-city14386","0.0185464437150029"
"maxmind_city_9028","dbpedia-city5582","0.030062035745700114"
"maxmind_city_5063","dbpedia-city7588","0.04066101154199536"
"maxmind_city_4097","dbpedia-city3920","0.03294019123409392"
"maxmind_city_12623","dbpedia-city9396","0.05172275672702975"
"maxmind_city_669","dbpedia-city4210","0.059525035895803574"
"maxmind_city_14725","dbpedia-city11753","0.05394570824142167"
"maxmind_city_12830","dbpedia-city3517","0.009148042216716792"
"maxmind_city_17406","dbpedia-city11342","0.06155637774260164"
"maxmind_city_5491","dbpedia-city9193","0.03097703996389184"
"maxmind_city_9600","dbpedia-city5312","0.04241568771516409"
"maxmind_city_17605","dbpedia-city12412","0.04069383404466073"
"maxmind_city_16545","dbpedia-city1306","0.03438797135244216"
"maxmind_city_13491","dbpedia-city13772","0.02822208852968988"
"maxmind_city_15121","dbpedia-city3674","0.04138071122548598"
"maxmind_city_5193","dbpedia-city4883","0.012126374535497836"
"maxmind_city_13048","dbpedia-city4327","0.06801298239128778"
"maxmind_city_6490","dbpedia-city1639","0.034138680687991266"
"maxmind_city_9241","dbpedia-city13062","0.0797687599611814"
"maxmind_city_17350","dbpedia-city4519","0.07733021572556215"
"maxmind_city_9630","dbpedia-city1325","0.015559674427281983"
"maxmind_city_2572","dbpedia-city7287","0.018831583072264513"
"maxmind_city_9686","dbpedia-city5295","0.06988682655265294"
"maxmind_city_3744","dbpedia-city13810","0.07088658356507455"
"maxmind_city_16204","dbpedia-city9085","0.002953728787342097"
"maxmind_city_1730","dbpedia-city6519","0.03109301806879962"
"maxmind_city_4013","dbpedia-city9016","0.057730687175668594"
"maxmind_city_768","dbpedia-city13446","0.05857485971058404"
"maxmind_city_2514","dbpedia-city11197","0.010578673253884258"
"maxmind_city_16314","dbpedia-city14917","0.06696112942781246"
"maxmind_city_5317","dbpedia-city16","0.04146875613426547"
"maxmind_city_8945","dbpedia-city10798","0.060980520283117096"
"maxmind_city_5426","dbpedia-city12552","0.06321871917340346"
"maxmind_city_19035","dbpedia-city7988","0.06869671718834938"
"maxmind_city_3602","dbpedia-city4613","0.030051020176138574"
"maxmind_city_11023","dbpedia-city8933","0.013667861946187826"
"maxmind_city_9077","dbpedia-city1888","0.05755551768240491"
"maxmind_city_14903","dbpedia-city5639","0.02731528762704309"
"maxmind_city_14829","dbpedia-city12514","2.578519089451725E-4"
"maxmind_city_11966","dbpedia-city8228","0.02476317847713068"
"maxmind_city_14187","dbpedia-city1103","0.05569993417927013"
"maxmind_city_3712","dbpedia-city14082","0.05093471120377033"
"maxmind_city_14095","dbpedia-city5595","0.022511741926985032"
"maxmind_city_19058","dbpedia-city13457","0.03350494558023029"
"maxmind_city_9345","dbpedia-city1337","0.009534257559010537"
"maxmind_city_9415","dbpedia-city2670","0.03064876188898029"
"maxmind_city_12724","dbpedia-city13718","0.08507147337476009"
"maxmind_city_4740","dbpedia-city5870","0.026824086792838042"
"maxmind_city_13596","dbpedia-city14122","0.06454167901314103"
"maxmind_city_4794","dbpedia-city4827","0.035445205004293434"
"maxmind_city_11941","dbpedia-city1521","0.0411804124493412"
"maxmind_city_17532","dbpedia-city9746","0.0837871533248685"
"maxmind_city_9713","dbpedia-city6211","6.324121704892605E-4"
"maxmind_city_9093","dbpedia-city7398","0.005783615831648006"
"maxmind_city_18601","dbpedia-city12129","0.00998638033286424"
"maxmind_city_2763","dbpedia-city12837","0.07860175610718653"
"maxmind_city_9437","dbpedia-city13037","0.028761732281709404"
"maxmind_city_4202","dbpedia-city3040","0.039438073390933776"
"maxmind_city_11053","dbpedia-city10874","0.0421828362439261"
"maxmind_city_376","dbpedia-city13858","0.013564136255845696"
"maxmind_city_14810","dbpedia-city9473","0.04445575938953815"
"maxmind_city_18632","dbpedia-city1380","0.07575251484556123"
"maxmind_city_11973","dbpedia-city7045","0.04862081594713785"
"maxmind_city_3613","dbpedia-city6514","0.03404766513270632"
"maxmind_city_6830","dbpedia-city9834","0.022058477150570202"
"maxmind_city_5469","dbpedia-city13945","0.017350110038839794"
"maxmind_city_3823","dbpedia-city4370","0.05538140055136673"
"maxmind_city_6535","dbpedia-city1855","0.010014974120507447"
"maxmind_city_15678","dbpedia-city5480","0.03778553339903587"
"maxmind_city_9001","dbpedia-city11420","0.06409326125088055"
"maxmind_city_4354","dbpedia-city9287","0.03366481938391509"
"maxmind_city_8970","dbpedia-city3338","0.04843053574688691"
"maxmind_city_16664","dbpedia-city2470","0.04556695843674134"
"maxmind_city_9281","dbpedia-city1718","0.05936726703397187"
"maxmind_city_13582","dbpedia-city703","0.06709107581084672"
"maxmind_city_14073","dbpedia-city10694","0.03393670702406264"
"maxmind_city_9441","dbpedia-city3074","0.05743334409097267"
"maxmind_city_13484","dbpedia-city10823","0.008451982485635792"
"maxmind_city_3267","dbpedia-city2115","0.0036272584761821852"
"maxmind_city_3227","dbpedia-city13139","0.015604188179404593"
"maxmind_city_10825","dbpedia-city8882","0.06791782201471608"
"maxmind_city_10243","dbpedia-city9089","0.010876830098618756"
"maxmind_city_13380","dbpedia-city3793","0.022249172781971555"
"maxmind_city_3198","dbpedia-city3126","0.05567993377940872"
"maxmind_city_308","dbpedia-city2383","0.021977942030406372"
"maxmind_city_5811","dbpedia-city10122","0.03914591915793228"
"maxmind_city_2126","dbpedia-city7417","0.005493733770637457"
"maxmind_city_592","dbpedia-city5234","0.05283331785146214"
"maxmind_city_3791","dbpedia-city9515","0.04119959058341868"
"maxmind_city_2602","dbpedia-city8399","0.05100953347430173"
"maxmind_city_5381","dbpedia-city3428","0.049056741278794724"
"maxmind_city_11736","dbpedia-city5694","0.012588800458012611"
"maxmind_city_4662","dbpedia-city1861","0.06741116732811117"
"maxmind_city_9523","dbpedia-city4806","0.0584737476655911"
"maxmind_city_18627","dbpedia-city4297","0.0024219325272949316"
"maxmind_city_12204","dbpedia-city9899","0.008674557391129073"
"maxmind_city_12400","dbpedia-city2627","0.028021102268667802"
"maxmind_city_2596","dbpedia-city13732","0.07864216768091736"
"maxmind_city_11320","dbpedia-city12649","0.022265813031398837"
"maxmind_city_4564","dbpedia-city1470","0.024363488563010918"
"maxmind_city_1307","dbpedia-city10657","0.054130788400190505"
"maxmind_city_8378","dbpedia-city4566","0.029508622489656217"
"maxmind_city_12569","dbpedia-city14310","0.0661102698710995"
"maxmind_city_3610","dbpedia-city2731","0.06819040236698204"
"maxmind_city_5239","dbpedia-city12299","0.050476977448665195"
"maxmind_city_7268","dbpedia-city10237","0.07355680331184397"
"maxmind_city_14597","dbpedia-city6831","0.0282416280466751"
"maxmind_city_3628","dbpedia-city11611","0.011820235289806899"
"maxmind_city_7264","dbpedia-city9010","0.03717831426965908"
"maxmind_city_4744","dbpedia-city9278","0.038861943524150275"
"maxmind_city_6373","dbpedia-city11827","0.007829606917898996"
"maxmind_city_4197","dbpedia-city13429","0.05538802133026394"
"maxmind_city_11733","dbpedia-city13083","0.021409337854787547"
"maxmind_city_18624","dbpedia-city5322","0.01376223483226631"
"maxmind_city_4163","dbpedia-city2003","0.01597034087118504"
"maxmind_city_10917","dbpedia-city6670","0.017157088500175804"
"maxmind_city_18546","dbpedia-city12432","0.006862907530479606"
"maxmind_city_4855","dbpedia-city2698","0.06575324147393422"
"maxmind_city_12195","dbpedia-city11194","0.0028271140322503746"
"maxmind_city_16201","dbpedia-city7847","0.07047324563115712"
"maxmind_city_19264","dbpedia-city7037","0.05513265415037116"
"maxmind_city_13880","dbpedia-city4339","0.037669859983098714"
"maxmind_city_15682","dbpedia-city1128","0.030242421507484893"
"maxmind_city_10186","dbpedia-city2943","0.03171822301195476"
"maxmind_city_9922","dbpedia-city11928","0.05998596571776993"
"maxmind_city_5973","dbpedia-city3410","0.04665925461464179"
"maxmind_city_5337","dbpedia-city533","0.06619720492854908"
"maxmind_city_12039","dbpedia-city3914","0.028294103426053013"
"maxmind_city_17555","dbpedia-city2062","0.055721397539722634"
"maxmind_city_10861","dbpedia-city11925","0.012294242574861947"
"maxmind_city_18375","dbpedia-city13594","0.05428938247432337"
"maxmind_city_582","dbpedia-city13737","0.009842763244219302"
"maxmind_city_10327","dbpedia-city13326","0.0419955668320454"
"maxmind_city_13510","dbpedia-city3438","0.05559699724410669"
"maxmind_city_7421","dbpedia-city7385","0.041733232632236994"
"maxmind_city_14204","dbpedia-city14396","0.023699740654198317"
"maxmind_city_12587","dbpedia-city7543","0.019016819088416903"
"maxmind_city_5971","dbpedia-city10986","0.056613922089416374"
"maxmind_city_10747","dbpedia-city11711","0.05340063483113472"
"maxmind_city_13285","dbpedia-city1038","0.04728650301243664"
"maxmind_city_9285","dbpedia-city967","0.01592341682141471"
"maxmind_city_12583","dbpedia-city2940","0.05369071597007154"
"maxmind_city_5061","dbpedia-city10293","0.04410807739081052"
"maxmind_city_5468","dbpedia-city8711","0.01963666409230337"
"maxmind_city_12086","dbpedia-city4492","0.008553422350948844"
"maxmind_city_18599","dbpedia-city11014","0.06622975058478363"
"maxmind_city_10999","dbpedia-city14459","0.04277232750396487"
"maxmind_city_14357","dbpedia-city5316","0.08733377528027492"
"maxmind_city_16933","dbpedia-city5191","0.0019094822045929022"
"maxmind_city_996","dbpedia-city6900","0.008553472885524965"
"maxmind_city_10790","dbpedia-city4119","0.034013107802502635"
"maxmind_city_16222","dbpedia-city8650","0.03260896381685381"
"maxmind_city_9499","dbpedia-city2983","0.06402697991715889"
"maxmind_city_9921","dbpedia-city5031","0.06032517246915026"
"maxmind_city_6272","dbpedia-city7656","0.013718695172677306"
"maxmind_city_16351","dbpedia-city13917","0.02057809765101358"
"maxmind_city_3411","dbpedia-city12598","0.04589682696674739"
"maxmind_city_4701","dbpedia-city13696","0.06547805638502652"
"maxmind_city_14394","dbpedia-city14318","0.08411195741772379"
"maxmind_city_4556","dbpedia-city3935","0.0064747469622019466"
"maxmind_city_11178","dbpedia-city6304","0.004889354538954838"
"maxmind_city_15283","dbpedia-city1294","0.08172725344530893"
"maxmind_city_11763","dbpedia-city1223","0.010076342167918084"
"maxmind_city_18476","dbpedia-city5413","0.021486875623051474"
"maxmind_city_18760","dbpedia-city13777","0.03620071871972033"
"maxmind_city_1616","dbpedia-city11687","0.04676396638642358"
"maxmind_city_18598","dbpedia-city4483","0.005212153080197651"
"maxmind_city_10561","dbpedia-city9709","0.012702597298246951"
"maxmind_city_9095","dbpedia-city7655","0.05076973172612689"
"maxmind_city_8185","dbpedia-city771","0.08177589095741075"
"maxmind_city_12886","dbpedia-city3737","0.05480902735261858"
"maxmind_city_12885","dbpedia-city5779","0.026151096147153788"
"maxmind_city_3256","dbpedia-city3799","0.029911900391685245"
"maxmind_city_1465","dbpedia-city8401","0.025147664670617964"
"maxmind_city_11753","dbpedia-city14627","0.057022350753714035"
"maxmind_city_8412","dbpedia-city13316","0.04783829017491492"
"maxmind_city_18671","dbpedia-city4192","0.0647947955752943"
"maxmind_city_7270","dbpedia-city5027","0.0433747385515548"
"maxmind_city_8143","dbpedia-city11607","0.02802130896602399"
"maxmind_city_16385","dbpedia-city9598","0.03585341571672472"
"maxmind_city_18701","dbpedia-city4508","0.0047935457957787725"
"maxmind_city_403","dbpedia-city597","0.03821121206753715"
"maxmind_city_12455","dbpedia-city14223","0.03377883132750656"
"maxmind_city_3604","dbpedia-city8568","0.016902566707134997"
"maxmind_city_16482","dbpedia-city10540","0.01151936398342375"
"maxmind_city_6518","dbpedia-city13469","0.05743782005240583"
"maxmind_city_16763","dbpedia-city11900","0.019434903294889783"
"maxmind_city_13349","dbpedia-city14651","0.03269104058861935"
"maxmind_city_5290","dbpedia-city284","0.05764126166158884"
"maxmind_city_5069","dbpedia-city4884","0.06591073162519032"
"maxmind_city_4220","dbpedia-city3994","0.006175066865080597"
"maxmind_city_14286","dbpedia-city9993","0.04094252682725662"
"maxmind_city_9086","dbpedia-city6952","0.006884499291020238"
"maxmind_city_14712","dbpedia-city12330","0.0204230301926967"
"maxmind_city_12439","dbpedia-city11041","0.051557198726342165"
"maxmind_city_16334","dbpedia-city8281","0.03313771140158728"
"maxmind_city_18479","dbpedia-city6453","0.0666022555527761"
"maxmind_city_12024","dbpedia-city5109","0.055591881901982054"
"maxmind_city_9016","dbpedia-city10186","0.05290933595945922"
"maxmind_city_3975","dbpedia-city1457","0.009704214078321269"
"maxmind_city_9595","dbpedia-city11203","0.02702079560759227"
"maxmind_city_453","dbpedia-city10551","0.02969888847860057"
"maxmind_city_3654","dbpedia-city12592","0.02391909287151707"
"maxmind_city_5472","dbpedia-city13553","0.025473651631089916"
"maxmind_city_18666","dbpedia-city10416","0.049761742871003656"
"maxmind_city_4857","dbpedia-city11987","7.5770132539204615E-6"
"maxmind_city_994","dbpedia-city407","0.06801764758348511"
"maxmind_city_14353","dbpedia-city8405","0.03788665108423722"
"maxmind_city_10245","dbpedia-city10499","0.023002383145035304"
"maxmind_city_18669","dbpedia-city7265","0.0018709426427311049"
"maxmind_city_13352","dbpedia-city14499","0.06275890914794474"
"maxmind_city_17437","dbpedia-city6490","0.04309948413915329"
"maxmind_city_4667","dbpedia-city11347","0.025377559121755253"
"maxmind_city_16478","dbpedia-city483","0.007898167047062185"
"maxmind_city_10788","dbpedia-city11167","0.02511230831735875"
"maxmind_city_13911","dbpedia-city6449","0.017004835635847843"
"maxmind_city_6183","dbpedia-city1829","0.03428047558865764"
"maxmind_city_17744","dbpedia-city4932","0.04307694657163055"
"maxmind_city_18630","dbpedia-city1136","0.024781699594393317"
"maxmind_city_4113","dbpedia-city9798","0.02739593398933468"
"maxmind_city_13331","dbpedia-city11330","0.04682434666093563"
"maxmind_city_16219","dbpedia-city2289","0.03425660907885053"
"maxmind_city_15610","dbpedia-city5350","0.04931457685620996"
"maxmind_city_3398","dbpedia-city8122","0.014966895108580541"
"maxmind_city_18158","dbpedia-city8270","0.060430274540775486"
"maxmind_city_3341","dbpedia-city7833","0.04655347557486414"
"maxmind_city_18594","dbpedia-city6191","0.07933114323258875"
"maxmind_city_11774","dbpedia-city6825","0.004171984920574967"
"maxmind_city_6089","dbpedia-city1170","0.06375719563142421"
"maxmind_city_6644","dbpedia-city2878","0.07678860679231031"
"maxmind_city_154","dbpedia-city12083","0.00961954154773359"
"maxmind_city_16263","dbpedia-city4738","0.07483541801186383"
"maxmind_city_10967","dbpedia-city2307","0.07430697904588307"
"maxmind_city_13337","dbpedia-city9366","0.0679619788430397"
"maxmind_city_6633","dbpedia-city1391","0.03461351385930855"
"maxmind_city_5205","dbpedia-city10144","0.07853351606318346"
"maxmind_city_14800","dbpedia-city11944","0.02255794777608852"
"maxmind_city_10341","dbpedia-city4702","0.07822171766393987"
"maxmind_city_3762","dbpedia-city13484","0.0824337935557437"
"maxmind_city_10783","dbpedia-city7455","0.02556879320610067"
"maxmind_city_11578","dbpedia-city1603","0.02815972497705918"
"maxmind_city_10130","dbpedia-city13782","0.05380013297624622"
"maxmind_city_13646","dbpedia-city3802","0.06915662768303718"
"maxmind_city_1529","dbpedia-city3835","0.004659069112198697"
"maxmind_city_4522","dbpedia-city9890","0.018024534106682047"
"maxmind_city_985","dbpedia-city10916","0.004577448625090033"
"maxmind_city_2432","dbpedia-city7895","0.055271058856403876"
"maxmind_city_13538","dbpedia-city8234","0.024747468201381684"
"maxmind_city_17075","dbpedia-city10679","0.054048285637489826"
"maxmind_city_9418","dbpedia-city12779","0.014057486295826399"
"maxmind_city_11786","dbpedia-city7318","0.08020921845361345"
"maxmind_city_18726","dbpedia-city7871","0.061866838057506784"
"maxmind_city_16124","dbpedia-city8781","0.07173659476727307"
"maxmind_city_16370","dbpedia-city7665","0.042246100201871944"
"maxmind_city_16371","dbpedia-city6503","0.0858032489898019"
"maxmind_city_16915","dbpedia-city3843","0.018883682046466913"
"maxmind_city_10608","dbpedia-city3748","0.0341750870093966"
"maxmind_city_2440","dbpedia-city6314","0.057514250291603244"
"maxmind_city_15341","dbpedia-city745","0.08644953606531827"
"maxmind_city_9841","dbpedia-city3460","0.0607313896989472"
"maxmind_city_18620","dbpedia-city15020","0.022619162071240068"
"maxmind_city_11732","dbpedia-city12764","0.05882858619861321"
"maxmind_city_4096","dbpedia-city5621","0.016739063426184572"
"maxmind_city_14318","dbpedia-city5736","0.00971860414009379"
"maxmind_city_14709","dbpedia-city2095","0.006754174221424089"
"maxmind_city_13039","dbpedia-city10936","0.03824827144964127"
"maxmind_city_18415","dbpedia-city13051","0.04430193597099576"
"maxmind_city_14539","dbpedia-city5052","0.06644634384497167"
"maxmind_city_993","dbpedia-city7906","0.00973451437552765"
"maxmind_city_17261","dbpedia-city8688","0.05433164357855458"
"maxmind_city_18461","dbpedia-city5879","0.03412074063250771"
"maxmind_city_17805","dbpedia-city4707","0.035466534585235646"
"maxmind_city_8977","dbpedia-city10372","0.041881239776775714"
"maxmind_city_14741","dbpedia-city15052","0.008257957425119589"
"maxmind_city_14061","dbpedia-city3599","0.08301620928255637"
"maxmind_city_5649","dbpedia-city5580","0.09094465540000282"
"maxmind_city_5234","dbpedia-city6334","0.04783999342248553"
"maxmind_city_11057","dbpedia-city10123","0.029317197126589256"
"maxmind_city_10805","dbpedia-city8362","0.020590823477152756"
"maxmind_city_14822","dbpedia-city13813","0.07572283958860965"
"maxmind_city_3990","dbpedia-city13948","0.0136010756566384"
"maxmind_city_4062","dbpedia-city14620","0.04299270823505147"
"maxmind_city_2781","dbpedia-city13247","0.07765247690975458"
"maxmind_city_11519","dbpedia-city10745","0.08461487437372456"
"maxmind_city_2132","dbpedia-city2749","0.037875141504271"
"maxmind_city_16216","dbpedia-city13195","0.0040616476970326"
"maxmind_city_5978","dbpedia-city8060","0.004937525379557134"
"maxmind_city_9855","dbpedia-city14813","0.048680132274642796"
"maxmind_city_1179","dbpedia-city6070","0.0496220486779895"
"maxmind_city_4881","dbpedia-city5015","0.014487944851858364"
"maxmind_city_4974","dbpedia-city14993","0.07812310563226321"
"maxmind_city_11703","dbpedia-city14401","0.035197716223589526"
"maxmind_city_7799","dbpedia-city2509","0.054836912420486966"
"maxmind_city_18667","dbpedia-city4922","0.07631623052254036"
"maxmind_city_14179","dbpedia-city13171","0.08155520835707855"
"maxmind_city_10681","dbpedia-city5058","0.03897289981869513"
"maxmind_city_14176","dbpedia-city5574","0.010387687777073412"
"maxmind_city_8159","dbpedia-city5750","0.062003587073011956"
"maxmind_city_4383","dbpedia-city11403","0.08823523590107626"
"maxmind_city_4402","dbpedia-city14792","0.06759306089106736"
"maxmind_city_14513","dbpedia-city8921","0.05017529880610466"
"maxmind_city_8927","dbpedia-city7928","0.03584687394280622"
"maxmind_city_18298","dbpedia-city9310","0.048709270456432516"
"maxmind_city_16301","dbpedia-city172","0.038427205902384354"
"maxmind_city_9408","dbpedia-city303","0.023139078978024447"
"maxmind_city_18544","dbpedia-city1119","0.0016877268832862363"
"maxmind_city_5740","dbpedia-city8488","0.002301533035327097"
"maxmind_city_5004","dbpedia-city4232","0.032110884965845396"
"maxmind_city_18696","dbpedia-city790","0.048764458281025866"
"maxmind_city_11971","dbpedia-city11517","0.05469738148877243"
"maxmind_city_2238","dbpedia-city2008","0.06324453583543939"
"maxmind_city_1141","dbpedia-city10113","0.008949025953250297"
"maxmind_city_1122","dbpedia-city5331","0.01599760577310698"
"maxmind_city_17466","dbpedia-city5189","0.03831722907835455"
"maxmind_city_6246","dbpedia-city1190","0.04532330829272235"
"maxmind_city_4872","dbpedia-city299","0.06671256341829795"
"maxmind_city_11967","dbpedia-city8263","0.027861349112197648"
"maxmind_city_14125","dbpedia-city10732","0.049842213986746264"
"maxmind_city_15949","dbpedia-city10400","0.07080104341157992"
"maxmind_city_12273","dbpedia-city12913","0.07064040401956598"
"maxmind_city_1878","dbpedia-city14331","0.02914047298282528"
"maxmind_city_10646","dbpedia-city14436","0.002951776315685703"
"maxmind_city_18716","dbpedia-city10807","0.023117933800496232"
"maxmind_city_6650","dbpedia-city9411","0.03878997948216255"
"maxmind_city_11262","dbpedia-city14000","0.036752422544141294"
"maxmind_city_16343","dbpedia-city10877","0.07703228360489459"
"maxmind_city_18387","dbpedia-city5606","0.004959462845216742"
"maxmind_city_14180","dbpedia-city187","0.061848027810294526"
"maxmind_city_11723","dbpedia-city11744","0.02352100313155138"
"maxmind_city_5996","dbpedia-city975","0.05901088842169508"
"maxmind_city_2245","dbpedia-city11075","4.1495950875482246E-4"
"maxmind_city_9061","dbpedia-city6763","0.02756067584716114"
"maxmind_city_15359","dbpedia-city4120","0.006802779412224541"
"maxmind_city_7775","dbpedia-city5707","0.0038871656833764784"
"maxmind_city_4531","dbpedia-city1529","0.05904533699283754"
"maxmind_city_18720","dbpedia-city8565","0.06711695580438018"
"maxmind_city_14181","dbpedia-city1864","0.00942948455702125"
"maxmind_city_4880","dbpedia-city8224","0.015741770703920646"
"maxmind_city_12279","dbpedia-city12102","0.06024961453893227"
"maxmind_city_8728","dbpedia-city3543","0.016221549946594374"
"maxmind_city_297","dbpedia-city10621","0.015562544868093983"
"maxmind_city_16070","dbpedia-city7943","0.056204883911061154"
"maxmind_city_12272","dbpedia-city12219","0.06075665651283638"
"maxmind_city_18372","dbpedia-city8658","0.06855155682582895"
"maxmind_city_6206","dbpedia-city14034","0.011704662987867043"
"maxmind_city_1168","dbpedia-city10915","0.04293922719592433"
"maxmind_city_18651","dbpedia-city4691","0.035807029305562205"
"maxmind_city_4467","dbpedia-city1194","4.166671420331031E-5"
"maxmind_city_5715","dbpedia-city3592","0.026726005772841316"
"maxmind_city_5335","dbpedia-city57","0.03979972602216689"
"maxmind_city_14216","dbpedia-city8489","0.04412178242085463"
"maxmind_city_9132","dbpedia-city2634","0.04709097501041938"
"maxmind_city_16242","dbpedia-city9595","0.002323154909369178"
"maxmind_city_11968","dbpedia-city11332","0.02346014503840574"
"maxmind_city_1981","dbpedia-city11898","0.036574266994580135"
"maxmind_city_5970","dbpedia-city8874","0.011275565949267208"
"maxmind_city_13152","dbpedia-city1952","0.043047815227091196"
"maxmind_city_8367","dbpedia-city76","0.03870113297203612"
"maxmind_city_17474","dbpedia-city7738","0.03403635185386569"
"maxmind_city_5384","dbpedia-city14870","0.006679065359691011"
"maxmind_city_18652","dbpedia-city8613","0.001789337395175325"
"maxmind_city_14766","dbpedia-city11017","0.04371323703887908"
"maxmind_city_10003","dbpedia-city8884","0.0346373981059611"
"maxmind_city_14122","dbpedia-city7112","0.01478361750098836"
"maxmind_city_4282","dbpedia-city9987","0.025534105779822208"
"maxmind_city_10084","dbpedia-city7637","0.05172711079400649"
"maxmind_city_9344","dbpedia-city6369","0.03672211444100122"
"maxmind_city_1099","dbpedia-city2460","0.009880490125826522"
"maxmind_city_5641","dbpedia-city8168","0.008223495015362292"
"maxmind_city_1478","dbpedia-city5078","0.07140221453369403"
"maxmind_city_6411","dbpedia-city179","0.009599100615151498"
"maxmind_city_16362","dbpedia-city6606","0.07693214495196812"
"maxmind_city_9372","dbpedia-city8763","0.03862392671022952"
"maxmind_city_15915","dbpedia-city10948","0.0012752955005836536"
"maxmind_city_1732","dbpedia-city2835","0.05472065124605599"
"maxmind_city_16008","dbpedia-city10686","0.0031643809214689234"
"maxmind_city_5662","dbpedia-city2629","0.07247306389112959"
"maxmind_city_14232","dbpedia-city14120","0.05484430662208736"
"maxmind_city_12080","dbpedia-city4881","0.03756925075520111"
"maxmind_city_9331","dbpedia-city11047","0.03522825441287479"
"maxmind_city_16403","dbpedia-city12229","0.043175500760345625"
"maxmind_city_8570","dbpedia-city14883","0.05680757690248939"
"maxmind_city_4001","dbpedia-city7865","0.07937997889054194"
"maxmind_city_5623","dbpedia-city515","0.019194047635988268"
"maxmind_city_16300","dbpedia-city9751","0.032506198908199155"
"maxmind_city_15860","dbpedia-city10599","0.008264636224786029"
"maxmind_city_11649","dbpedia-city4899","0.05610074374495744"
"maxmind_city_6431","dbpedia-city6640","0.05877277533974834"
"maxmind_city_13151","dbpedia-city5696","0.030470830781001018"
"maxmind_city_6486","dbpedia-city72","0.046921539035474136"
"maxmind_city_5150","dbpedia-city3397","0.061701988711123174"
"maxmind_city_18348","dbpedia-city1499","0.02572899804747178"
"maxmind_city_18525","dbpedia-city8992","0.0017584747062548561"
"maxmind_city_18693","dbpedia-city3762","0.02362208389998556"
"maxmind_city_8366","dbpedia-city13038","0.0011412403779028635"
"maxmind_city_15412","dbpedia-city10811","0.03738445261318955"
"maxmind_city_5531","dbpedia-city5442","0.07306475429801138"
"maxmind_city_15468","dbpedia-city2827","0.06929161934788008"
"maxmind_city_14052","dbpedia-city12652","0.03595641517867168"
"maxmind_city_17808","dbpedia-city10221","0.014896995077201033"
"maxmind_city_3916","dbpedia-city9214","0.07241809259927934"
"maxmind_city_9502","dbpedia-city1195","0.01788134225551255"
"maxmind_city_4754","dbpedia-city8792","0.05068014810264604"
"maxmind_city_1156","dbpedia-city3522","0.05802477203853204"
"maxmind_city_18722","dbpedia-city9512","0.03641137058390692"
"maxmind_city_6545","dbpedia-city8333","0.05495689546682303"
"maxmind_city_17706","dbpedia-city11242","0.05888842320033158"
"maxmind_city_6254","dbpedia-city5283","0.033020904902245615"
"maxmind_city_3917","dbpedia-city8608","0.010879118406285776"
"maxmind_city_12031","dbpedia-city6448","0.01289488701857415"
"maxmind_city_1131","dbpedia-city1937","0.03935189926102585"
"maxmind_city_3106","dbpedia-city5083","0.07150868079277425"
"maxmind_city_8304","dbpedia-city9758","0.022455552119433883"
"maxmind_city_10411","dbpedia-city14394","0.0070971652349468145"
"maxmind_city_13217","dbpedia-city12123","0.03922638807987487"
"maxmind_city_14120","dbpedia-city12786","0.03444165860118434"
"maxmind_city_13590","dbpedia-city11991","0.028390011344302288"
"maxmind_city_10418","dbpedia-city644","0.04187643557912943"
"maxmind_city_1144","dbpedia-city8645","0.0444499992006326"
"maxmind_city_15426","dbpedia-city11139","0.02056031146517731"
"maxmind_city_13277","dbpedia-city5539","0.022486772202290048"
"maxmind_city_5700","dbpedia-city9227","0.03778278161682845"
"maxmind_city_17679","dbpedia-city11665","0.07516266807569552"
"maxmind_city_1128","dbpedia-city7974","0.040074200912263325"
"maxmind_city_1151","dbpedia-city6604","0.04424048617553207"
"maxmind_city_3850","dbpedia-city11668","0.0320441368861996"
"maxmind_city_11970","dbpedia-city11240","0.019520947481733886"
"maxmind_city_5399","dbpedia-city11491","0.07634229262851183"
"maxmind_city_14950","dbpedia-city2709","0.0726428558478231"
"maxmind_city_19266","dbpedia-city8003","0.059437806264455745"
"maxmind_city_15418","dbpedia-city2532","0.07315451013640098"
"maxmind_city_4951","dbpedia-city385","3.088767337393397E-4"
"maxmind_city_164","dbpedia-city6602","0.031502512562814125"
"maxmind_city_2804","dbpedia-city1374","0.07318669540593739"
"maxmind_city_14756","dbpedia-city9888","0.01572753693388236"
"maxmind_city_15383","dbpedia-city7168","0.008893970676241342"
"maxmind_city_12481","dbpedia-city13526","0.02503591787174672"
"maxmind_city_5194","dbpedia-city9059","0.07772221501989604"
"maxmind_city_14456","dbpedia-city10630","0.007189849241214727"
"maxmind_city_7019","dbpedia-city14022","0.04828976731986273"
"maxmind_city_8803","dbpedia-city2649","0.0608651787781348"
"maxmind_city_14108","dbpedia-city14469","0.06896153595049165"
"maxmind_city_14870","dbpedia-city5342","0.0557977924767865"
"maxmind_city_1631","dbpedia-city5944","0.0013284712326551082"
"maxmind_city_3017","dbpedia-city8479","0.052928384746861595"
"maxmind_city_1561","dbpedia-city5264","0.057118453282812454"
"maxmind_city_3589","dbpedia-city11831","0.04009671454931314"
"maxmind_city_1205","dbpedia-city2438","0.05671731645971392"
"maxmind_city_13281","dbpedia-city6906","0.04237818483025721"
"maxmind_city_11929","dbpedia-city12268","0.056525257008827906"
"maxmind_city_15491","dbpedia-city13151","0.026594947072895614"
"maxmind_city_14407","dbpedia-city1629","0.038015498109730844"
"maxmind_city_12641","dbpedia-city14298","0.008137449662879853"
"maxmind_city_1736","dbpedia-city13955","0.02871236455533377"
"maxmind_city_18186","dbpedia-city13144","0.052595256239331076"
"maxmind_city_17718","dbpedia-city12504","0.014009689227945321"
"maxmind_city_14040","dbpedia-city626","0.02257350790642304"
"maxmind_city_16232","dbpedia-city12735","0.08196610832064011"
"maxmind_city_3292","dbpedia-city4317","0.01774770046680106"
"maxmind_city_10357","dbpedia-city4022","0.019059695170784555"
"maxmind_city_10518","dbpedia-city4598","0.06904441605728281"
"maxmind_city_17419","dbpedia-city7711","0.0013387880853262396"
"maxmind_city_17776","dbpedia-city8105","0.03726574525724738"
"maxmind_city_3187","dbpedia-city8948","0.0288733734357592"
"maxmind_city_14304","dbpedia-city3907","0.04472763464323565"
"maxmind_city_3070","dbpedia-city11218","0.07703212151325947"
"maxmind_city_11722","dbpedia-city10198","0.05015505105205659"
"maxmind_city_16376","dbpedia-city8472","0.04848520111458074"
"maxmind_city_6241","dbpedia-city11903","0.01052432194621293"
"maxmind_city_557","dbpedia-city6054","0.057247120148429975"
"maxmind_city_6621","dbpedia-city4567","0.06156675396948773"
"maxmind_city_14215","dbpedia-city7403","0.015425097946220448"
"maxmind_city_5365","dbpedia-city10795","1.7031177188439606E-4"
"maxmind_city_12921","dbpedia-city8146","0.0027969842906857972"
"maxmind_city_5369","dbpedia-city3342","0.06771730266315307"
"maxmind_city_17049","dbpedia-city7308","0.057038307335584404"
"maxmind_city_4710","dbpedia-city7954","0.06167901126037681"
"maxmind_city_17033","dbpedia-city8302","0.018248416549821733"
"maxmind_city_13528","dbpedia-city5418","0.05604854267971979"
"maxmind_city_16383","dbpedia-city3908","0.024046264666227127"
"maxmind_city_15572","dbpedia-city5560","0.08584044285342829"
"maxmind_city_1118","dbpedia-city14091","0.002043613966425599"
"maxmind_city_16251","dbpedia-city7595","0.026652067174161853"
"maxmind_city_7781","dbpedia-city5297","0.07248803006224158"
"maxmind_city_2897","dbpedia-city1807","0.011696843080501979"
"maxmind_city_7097","dbpedia-city14416","0.013656339916389731"
"maxmind_city_9901","dbpedia-city9925","0.0042351954355683424"
"maxmind_city_6001","dbpedia-city6752","0.04470146750300859"
"maxmind_city_11954","dbpedia-city9132","0.03765936743954737"
"maxmind_city_6070","dbpedia-city14709","0.012138367499131539"
"maxmind_city_2170","dbpedia-city14365","0.056684211814762964"
"maxmind_city_172","dbpedia-city10476","0.002742922676740353"
"maxmind_city_19197","dbpedia-city4125","0.0035598033686522063"
"maxmind_city_17051","dbpedia-city3687","0.0503855909773063"
"maxmind_city_12122","dbpedia-city3686","0.041561422009439325"
"maxmind_city_5691","dbpedia-city10211","0.05296929925168414"
"maxmind_city_3105","dbpedia-city10593","0.06087505636120863"
"maxmind_city_7887","dbpedia-city10465","0.03617251228692575"
"maxmind_city_14869","dbpedia-city11556","0.005497820372851264"
"maxmind_city_12468","dbpedia-city10380","0.03502260471318577"
"maxmind_city_13547","dbpedia-city13096","0.08169824526309197"
"maxmind_city_13658","dbpedia-city7887","0.059585975784367654"
"maxmind_city_17493","dbpedia-city1585","0.06381475366076272"
"maxmind_city_17056","dbpedia-city4724","0.07553842086353296"
"maxmind_city_12807","dbpedia-city1317","0.011720809467917342"
"maxmind_city_8627","dbpedia-city8404","0.024286752541905474"
"maxmind_city_16396","dbpedia-city8666","0.04465865221316444"
"maxmind_city_97","dbpedia-city3500","0.03295101069760133"
"maxmind_city_16248","dbpedia-city11283","0.04521772319486482"
"maxmind_city_13316","dbpedia-city12151","0.0011731742932453784"
"maxmind_city_10963","dbpedia-city4477","0.04875428981535858"
"maxmind_city_14060","dbpedia-city9867","0.07043738662029456"
"maxmind_city_17821","dbpedia-city2145","0.0640155351530248"
"maxmind_city_11947","dbpedia-city401","0.04305639505474289"
"maxmind_city_11170","dbpedia-city2982","0.027494587609577417"
"maxmind_city_16000","dbpedia-city5212","0.05732571533565242"
"maxmind_city_12190","dbpedia-city2633","0.035607920939337165"
"maxmind_city_10995","dbpedia-city369","0.08721604346436568"
"maxmind_city_14864","dbpedia-city3758","0.01928785927043357"
"maxmind_city_8750","dbpedia-city73","0.039750577280958904"
"maxmind_city_224","dbpedia-city11439","0.07071153239888384"
"maxmind_city_3479","dbpedia-city5383","0.03328111756824022"
"maxmind_city_5326","dbpedia-city5115","0.026960451418290496"
"maxmind_city_12436","dbpedia-city6857","0.06421829169751371"
"maxmind_city_14998","dbpedia-city1954","0.039843291937393"
"maxmind_city_2428","dbpedia-city14989","0.007299453166710865"
"maxmind_city_12404","dbpedia-city5683","0.02415026250666759"
"maxmind_city_7730","dbpedia-city7333","0.015087888254417994"
"maxmind_city_18506","dbpedia-city8903","0.0074666512599233376"
"maxmind_city_8558","dbpedia-city5101","0.047477775660973956"
"maxmind_city_7965","dbpedia-city13736","0.04032863038078695"
"maxmind_city_16397","dbpedia-city7869","0.02241703662826995"
"maxmind_city_13772","dbpedia-city10698","0.04986662773244349"
"maxmind_city_9749","dbpedia-city11699","0.055412757496579285"
"maxmind_city_5017","dbpedia-city8708","0.03875114473240551"
"maxmind_city_15853","dbpedia-city14757","0.06495445134575574"
"maxmind_city_8899","dbpedia-city2717","0.05574450933612396"
"maxmind_city_10371","dbpedia-city6937","0.06041114174880732"
"maxmind_city_10066","dbpedia-city3344","0.07100848238045193"
"maxmind_city_13389","dbpedia-city596","0.0740624472720176"
"maxmind_city_18338","dbpedia-city8774","0.062411213948400296"
"maxmind_city_15855","dbpedia-city8015","0.02516061551433893"
"maxmind_city_2368","dbpedia-city6753","0.0020442724208346724"
"maxmind_city_16994","dbpedia-city4468","0.03579705914209248"
"maxmind_city_12126","dbpedia-city8825","0.028917112932178246"
"maxmind_city_16007","dbpedia-city3511","0.048505382518091555"
"maxmind_city_16611","dbpedia-city8984","0.024579421903385135"
"maxmind_city_16463","dbpedia-city7235","0.09048296286892407"
"maxmind_city_14054","dbpedia-city6152","0.05780905327953528"
"maxmind_city_12231","dbpedia-city10687","0.04706660248192622"
"maxmind_city_12357","dbpedia-city14857","0.006466489375791917"
"maxmind_city_12688","dbpedia-city8385","0.05356969115188648"
"maxmind_city_10756","dbpedia-city7839","0.00365406550418626"
"maxmind_city_14735","dbpedia-city10673","0.007149164545756412"
"maxmind_city_16877","dbpedia-city4302","0.008849747872527902"
"maxmind_city_8749","dbpedia-city8194","0.04261421653176137"
"maxmind_city_10728","dbpedia-city5931","0.024826785854544328"
"maxmind_city_11901","dbpedia-city216","0.035982312670207184"
"maxmind_city_15847","dbpedia-city58","0.030880058780124314"
"maxmind_city_17848","dbpedia-city8521","0.033700136578006995"
"maxmind_city_5900","dbpedia-city4191","0.05204071566342744"
"maxmind_city_11169","dbpedia-city4073","0.020123020143884424"
"maxmind_city_8715","dbpedia-city3090","0.06331415768866469"
"maxmind_city_8286","dbpedia-city14980","0.017508848088358855"
"maxmind_city_2105","dbpedia-city11983","0.03678051732132341"
"maxmind_city_7573","dbpedia-city13894","0.028470909825207474"
"maxmind_city_2900","dbpedia-city14915","0.007099701920033036"
"maxmind_city_13374","dbpedia-city13809","0.013294152315997246"
"maxmind_city_10835","dbpedia-city1164","0.027470160990212114"
"maxmind_city_7878","dbpedia-city7290","0.059639230141124475"
"maxmind_city_3661","dbpedia-city4696","0.06382812677328933"
"maxmind_city_10757","dbpedia-city5147","0.002233624002713791"
"maxmind_city_2499","dbpedia-city3246","0.07329058981858838"
"maxmind_city_4501","dbpedia-city7552","0.04609758646276858"
"maxmind_city_16032","dbpedia-city10049","0.08450944942679095"
"maxmind_city_1436","dbpedia-city4014","0.04130828004040682"
"maxmind_city_5125","dbpedia-city7059","0.012845363622050326"
"maxmind_city_12265","dbpedia-city5477","0.050655395874276365"
"maxmind_city_2186","dbpedia-city9259","0.011600239399896226"
"maxmind_city_11915","dbpedia-city9554","0.06925536734069643"
"maxmind_city_19284","dbpedia-city6622","0.01195849058922846"
"maxmind_city_7669","dbpedia-city931","0.08275997347605538"
"maxmind_city_13837","dbpedia-city1199","0.025413851250388267"
"maxmind_city_14448","dbpedia-city614","0.05103822537530986"
"maxmind_city_8701","dbpedia-city4219","0.03785453451326365"
"maxmind_city_7490","dbpedia-city5469","2.542434564856977E-4"
"maxmind_city_2250","dbpedia-city1809","0.010236806641686927"
"maxmind_city_14731","dbpedia-city12632","0.01633873787831157"
"maxmind_city_675","dbpedia-city12627","0.008378349215746858"
"maxmind_city_16150","dbpedia-city3298","0.09018782590393865"
"maxmind_city_6986","dbpedia-city5340","0.003802141757943356"
"maxmind_city_8271","dbpedia-city4344","0.07921565599119243"
"maxmind_city_14752","dbpedia-city5911","0.04961421713925397"
"maxmind_city_16702","dbpedia-city13359","0.005395510998914221"
"maxmind_city_661","dbpedia-city134","0.09088931448594115"
"maxmind_city_14299","dbpedia-city13162","0.08229608709067687"
"maxmind_city_5165","dbpedia-city5249","0.05176670204142432"
"maxmind_city_10854","dbpedia-city11450","0.014789559044299336"
"maxmind_city_14705","dbpedia-city13760","0.06293987917366639"
"maxmind_city_1425","dbpedia-city3526","0.05034718056639961"
"maxmind_city_18223","dbpedia-city5754","0.02601689267521025"
"maxmind_city_6318","dbpedia-city4276","9.435802794622375E-4"
"maxmind_city_4313","dbpedia-city12922","0.07493457382923774"
"maxmind_city_15834","dbpedia-city2572","0.023152428588900237"
"maxmind_city_5505","dbpedia-city12284","0.007420628614853486"
"maxmind_city_12637","dbpedia-city9934","0.03300479978907507"
"maxmind_city_4022","dbpedia-city12310","0.010137033893710776"
"maxmind_city_16527","dbpedia-city8173","0.016268383045100643"
"maxmind_city_3980","dbpedia-city2973","0.029290705740639952"
"maxmind_city_15041","dbpedia-city13133","0.07079156022627464"
"maxmind_city_11580","dbpedia-city13830","0.03129503062847468"
"maxmind_city_7410","dbpedia-city4647","0.05559707501924335"
"maxmind_city_7942","dbpedia-city13888","0.016347967701543828"
"maxmind_city_7976","dbpedia-city12331","0.04406357527874184"
"maxmind_city_12989","dbpedia-city7285","0.01956920230969468"
"maxmind_city_17265","dbpedia-city5927","0.02740093821779363"
"maxmind_city_15740","dbpedia-city15013","0.03448313776658554"
"maxmind_city_14058","dbpedia-city14449","0.015028191237295013"
"maxmind_city_8676","dbpedia-city12181","0.008122132473553048"
"maxmind_city_13176","dbpedia-city8796","0.03526816037226334"
"maxmind_city_8250","dbpedia-city9977","0.05156287315751078"
"maxmind_city_5176","dbpedia-city2410","0.019953721931456336"
"maxmind_city_15354","dbpedia-city2321","1.0310612258598861E-4"
"maxmind_city_14053","dbpedia-city2184","0.009007499977403577"
"maxmind_city_15779","dbpedia-city10817","0.03309494902502995"
"maxmind_city_13721","dbpedia-city6800","0.004566784532907563"
"maxmind_city_984","dbpedia-city10275","0.020751693241208402"
"maxmind_city_8639","dbpedia-city13377","0.04608193745581228"
"maxmind_city_560","dbpedia-city5922","0.004152283765837164"
"maxmind_city_649","dbpedia-city3150","0.0301338669462691"
"maxmind_city_126","dbpedia-city8958","0.008119144082674404"
"maxmind_city_18122","dbpedia-city13427","0.07425620714405143"
"maxmind_city_18211","dbpedia-city7492","0.02384919362347429"
"maxmind_city_13062","dbpedia-city7389","0.09089031161983249"
"maxmind_city_1923","dbpedia-city14200","0.046513185578951094"
"maxmind_city_6367","dbpedia-city1727","0.07840375901335755"
"maxmind_city_11433","dbpedia-city1207","0.07995803394703746"
"maxmind_city_13480","dbpedia-city4622","0.08291728304575938"
"maxmind_city_120","dbpedia-city173","0.05121677579571174"
"maxmind_city_7330","dbpedia-city11045","0.06397139950686517"
"maxmind_city_7981","dbpedia-city1498","0.033740006000669495"
"maxmind_city_15346","dbpedia-city14594","0.004397150380061263"
"maxmind_city_9112","dbpedia-city449","0.04003349140789679"
"maxmind_city_809","dbpedia-city5395","0.050668247935711175"
"maxmind_city_12813","dbpedia-city2396","0.013194486452067195"
"maxmind_city_747","dbpedia-city1078","0.01752826948074744"
"maxmind_city_3212","dbpedia-city14217","0.007477347369508822"
"maxmind_city_8860","dbpedia-city1036","0.057205751451435555"
"maxmind_city_1956","dbpedia-city13265","0.07967146215886822"
"maxmind_city_3383","dbpedia-city12369","0.018454800617243708"
"maxmind_city_10265","dbpedia-city2791","0.0038529441572920514"
"maxmind_city_8051","dbpedia-city14251","0.043562117391336835"
"maxmind_city_11553","dbpedia-city4400","0.04022064787903709"
"maxmind_city_13441","dbpedia-city7404","0.019345358911544472"
"maxmind_city_8102","dbpedia-city10731","0.01542360285967656"
"maxmind_city_8655","dbpedia-city12518","0.01973456641976931"
"maxmind_city_2586","dbpedia-city4645","0.0072311609739218186"
"maxmind_city_1935","dbpedia-city2233","0.076419375328492"
"maxmind_city_12685","dbpedia-city1947","0.08939343302324637"
"maxmind_city_231","dbpedia-city9113","0.07968055562503726"
"maxmind_city_11571","dbpedia-city8767","0.08363630949046122"
"maxmind_city_923","dbpedia-city4637","0.007594347716376501"
"maxmind_city_6510","dbpedia-city1135","0.08638648429727666"
"maxmind_city_12954","dbpedia-city1573","0.04043855181084924"
"maxmind_city_1951","dbpedia-city8552","0.02995022144703746"
"maxmind_city_7329","dbpedia-city3454","0.017626866036348526"
"maxmind_city_5562","dbpedia-city5119","0.007889703349641869"
"maxmind_city_14008","dbpedia-city6164","0.06219612918513859"
"maxmind_city_10306","dbpedia-city9874","0.00783925724554431"
"maxmind_city_10298","dbpedia-city14097","0.007987505907747411"
"maxmind_city_16526","dbpedia-city6075","0.0635937979374343"
"maxmind_city_12662","dbpedia-city1811","0.02373793718454277"
"maxmind_city_2114","dbpedia-city1065","0.04896360820516507"
"maxmind_city_10025","dbpedia-city14527","0.028812340323567234"
"maxmind_city_7849","dbpedia-city5688","0.06091446411273016"
"maxmind_city_6277","dbpedia-city3808","0.006745523256342284"
"maxmind_city_247","dbpedia-city5963","0.03395052877008431"
"maxmind_city_6222","dbpedia-city8372","0.026281402081085842"
"maxmind_city_11594","dbpedia-city702","0.0856203895694104"
"maxmind_city_14218","dbpedia-city3985","0.029696832034168175"
"maxmind_city_6180","dbpedia-city9693","0.023607215948432334"
"maxmind_city_1303","dbpedia-city10477","0.02116530279400565"
"maxmind_city_1768","dbpedia-city13685","0.01514310235628552"
